{"stats":{"minecraft:crafted":{"minecraft:wooden_hoe":1,"minecraft:shield":1,"minecraft:stick":4,"minecraft:acacia_planks":40,"minecraft:stone_hoe":1},"minecraft:mined":{"minecraft:acacia_leaves":1,"biomesoplenty:desert_grass":2,"minecraft:acacia_log":11,"ars_nouveau:bastion_pod":1,"minecraft:tall_grass":7,"minecraft:wheat":6,"minecraft:bell":1,"minecraft:grass":41,"minecraft:stone":5,"minecraft:oak_leaves":1},"minecraft:dropped":{"minecraft:crafting_table":1,"minecraft:rotten_flesh":4,"minecraft:oak_planks":30,"minecraft:leather":3,"minecraft:poppy":1,"minecraft:brewing_stand":1,"minecraft:wooden_hoe":1,"minecraft:melon_slice":44,"minecraft:leather_boots":1,"minecraft:leather_leggings":1,"minecraft:wooden_sword":1,"thermal:rice_seeds":3,"minecraft:beef":3,"minecraft:stone_pickaxe":1,"minecraft:bucket":1},"minecraft:used":{"minecraft:wheat_seeds":6,"minecraft:stone_pickaxe":22,"thermal:amaranth_seeds":2,"minecraft:bell":1,"minecraft:stone_hoe":3,"minecraft:orange_bed":1,"ars_nouveau:bastion_pod":3,"biomesoplenty:wildflower":1,"minecraft:wooden_hoe":23,"minecraft:bread":5,"thermal:green_bean_seeds":1,"minecraft:stone_axe":1,"minecraft:cobblestone":7},"minecraft:custom":{"minecraft:interact_with_crafting_table":4,"minecraft:bell_ring":10,"minecraft:time_since_death":9341,"minecraft:sleep_in_bed":3,"minecraft:time_since_rest":9367,"minecraft:sprint_one_cm":44492,"minecraft:damage_taken":1654,"minecraft:walk_one_cm":99191,"minecraft:drop":17,"minecraft:damage_dealt":591,"minecraft:fly_one_cm":57782,"minecraft:player_kills":1,"minecraft:open_chest":4,"minecraft:crouch_one_cm":214,"minecraft:play_time":35095,"minecraft:deaths":6,"minecraft:sneak_time":208,"minecraft:jump":433,"minecraft:walk_on_water_one_cm":2054,"minecraft:total_world_time":35095,"minecraft:fall_one_cm":8616},"minecraft:picked_up":{"minecraft:crafting_table":2,"minecraft:wheat":6,"minecraft:leather_leggings":2,"minecraft:leather":6,"minecraft:brewing_stand":2,"minecraft:wooden_hoe":2,"minecraft:wooden_sword":1,"minecraft:leather_boots":2,"minecraft:acacia_planks":72,"minecraft:wheat_seeds":23,"minecraft:bucket":6,"minecraft:bell":1,"minecraft:beef":6,"minecraft:iron_ingot":3,"minecraft:stone_pickaxe":8,"minecraft:poppy":1,"minecraft:melon_slice":88,"biomesoplenty:wildflower":1,"minecraft:oak_planks":68,"minecraft:stick":10,"thermal:bell_pepper_seeds":3,"minecraft:torch":6,"minecraft:acacia_log":10,"ars_nouveau:bastion_pod":3,"farmersdelight:tomato_seeds":9,"thermal:green_bean_seeds":1,"thermal:rice_seeds":3,"minecraft:orange_bed":2,"minecraft:stone_sword":1,"minecraft:rotten_flesh":4,"minecraft:stone_axe":1,"minecraft:bread":93,"thermal:amaranth_seeds":4,"minecraft:cobblestone":16},"minecraft:killed_by":{"minecraft:player":1,"minecraft:zombie":1,"minecraft:iron_golem":3}},"DataVersion":3465}