{"stats":{"minecraft:crafted":{"minecraft:acacia_planks":40},"minecraft:mined":{"minecraft:grass":2,"minecraft:acacia_log":11,"minecraft:acacia_leaves":1,"minecraft:tall_grass":4},"minecraft:dropped":{"thermal:rice_seeds":3},"minecraft:used":{"minecraft:bread":3},"minecraft:picked_up":{"thermal:rice_seeds":3,"minecraft:stick":1,"minecraft:wheat_seeds":1,"minecraft:acacia_log":10,"minecraft:bread":17,"thermal:green_bean_seeds":1},"minecraft:custom":{"minecraft:time_since_rest":10738,"minecraft:crouch_one_cm":3,"minecraft:play_time":11095,"minecraft:sprint_one_cm":7223,"minecraft:deaths":1,"minecraft:damage_taken":189,"minecraft:walk_one_cm":20070,"minecraft:sneak_time":51,"minecraft:drop":3,"minecraft:jump":89,"minecraft:damage_dealt":59,"minecraft:time_since_death":10704,"minecraft:total_world_time":11095,"minecraft:fall_one_cm":1103,"minecraft:fly_one_cm":12442}},"DataVersion":3465}