{"stats":{"minecraft:killed":{"minecraft:spider":1},"minecraft:crafted":{"minecraft:wooden_hoe":1,"minecraft:shield":1,"minecraft:stick":8,"minecraft:iron_ingot":10,"minecraft:iron_pickaxe":1,"minecraft:acacia_planks":40,"minecraft:stone_hoe":1},"minecraft:mined":{"thermal:deepslate_apatite_ore":12,"thermal:deepslate_cinnabar_ore":4,"minecraft:deepslate_redstone_ore":3,"minecraft:tuff":2,"minecraft:acacia_leaves":1,"botania:red_mushroom":2,"biomesoplenty:desert_grass":3,"thermal:tin_ore":4,"mekanism:deepslate_osmium_ore":4,"botania:black_mushroom":1,"psychadelic:copper_i_ichloride":2,"minecraft:acacia_log":11,"mekanism:tin_ore":3,"psychadelic:oil":2,"ars_nouveau:bastion_pod":1,"minecraft:tall_grass":7,"thermal:deepslate_lead_ore":7,"botania:blue_mushroom":1,"botania:light_gray_mushroom":1,"psychadelic:sodium_chlorideore":30,"minecraft:iron_ore":5,"minecraft:wheat":6,"thermal:deepslate_silver_ore":3,"minecraft:deepslate_lapis_ore":1,"mekanism:deepslate_tin_ore":8,"minecraft:bell":1,"minecraft:grass":42,"minecraft:deepslate_iron_ore":20,"minecraft:dirt":1,"botania:yellow_mushroom":1,"mekanism:deepslate_uranium_ore":1,"thermal:deepslate_niter_ore":5,"minecraft:stone":150,"minecraft:oak_leaves":1,"minecraft:deepslate":29,"minecraft:orange_bed":2},"minecraft:dropped":{"minecraft:wheat_seeds":8,"minecraft:crafting_table":1,"minecraft:cobblestone":4,"minecraft:rotten_flesh":4,"minecraft:oak_planks":30,"minecraft:leather":3,"minecraft:poppy":1,"minecraft:brewing_stand":1,"minecraft:wooden_hoe":1,"minecraft:melon_slice":44,"minecraft:leather_boots":1,"minecraft:leather_leggings":1,"minecraft:wooden_sword":1,"thermal:rice_seeds":3,"minecraft:beef":3,"minecraft:stone_pickaxe":1,"oreberriesreplanted:aluminum_oreberry_bush":1,"minecraft:bucket":1},"minecraft:used":{"minecraft:wheat_seeds":9,"minecraft:stone_pickaxe":68,"thermal:amaranth_seeds":2,"minecraft:shield":3,"minecraft:bell":1,"minecraft:stone_hoe":3,"minecraft:orange_bed":2,"ars_nouveau:bastion_pod":3,"minecraft:tuff":1,"biomesoplenty:wildflower":1,"minecraft:wooden_hoe":23,"farmersdelight:tomato":2,"minecraft:melon_slice":4,"minecraft:bread":18,"minecraft:iron_pickaxe":254,"thermal:green_bean_seeds":1,"minecraft:stone_axe":8,"minecraft:cobblestone":9},"minecraft:custom":{"minecraft:interact_with_furnace":2,"minecraft:mob_kills":1,"minecraft:interact_with_crafting_table":5,"minecraft:bell_ring":10,"minecraft:time_since_death":45341,"minecraft:sleep_in_bed":4,"minecraft:time_since_rest":7563,"minecraft:sprint_one_cm":95290,"minecraft:damage_taken":2404,"minecraft:walk_one_cm":222967,"minecraft:damage_blocked_by_shield":105,"minecraft:drop":23,"minecraft:damage_dealt":1102,"minecraft:fly_one_cm":99538,"minecraft:player_kills":1,"minecraft:open_chest":18,"minecraft:crouch_one_cm":698,"minecraft:play_time":71095,"minecraft:deaths":6,"minecraft:sneak_time":588,"minecraft:walk_under_water_one_cm":1141,"minecraft:jump":895,"minecraft:walk_on_water_one_cm":11798,"minecraft:total_world_time":71095,"minecraft:fall_one_cm":16415},"minecraft:picked_up":{"minecraft:crafting_table":2,"minecraft:wheat":6,"thermal:amaranth":2,"thermal:raw_silver":3,"minecraft:glow_ink_sac":3,"mekanism:raw_uranium":1,"minecraft:leather_leggings":2,"minecraft:leather":6,"thermal:cinnabar":6,"botania:blue_mushroom":1,"botania:light_gray_mushroom":1,"minecraft:tuff":1,"minecraft:brewing_stand":2,"psychadelic:copper_i_ichloridepulver":2,"botania:red_mushroom":2,"farmersdelight:tomato":2,"minecraft:wooden_hoe":2,"minecraft:lapis_lazuli":8,"minecraft:raw_copper":1,"minecraft:wooden_sword":1,"botania:yellow_mushroom":1,"minecraft:leather_boots":2,"psychadelic:sodium_chloride":30,"minecraft:acacia_planks":72,"minecraft:wheat_seeds":23,"minecraft:cobbled_deepslate":33,"minecraft:bucket":6,"minecraft:bell":1,"minecraft:beef":6,"minecraft:iron_ingot":3,"minecraft:stone_pickaxe":8,"thermal:niter":21,"minecraft:poppy":1,"minecraft:melon_slice":94,"biomesoplenty:wildflower":1,"minecraft:oak_planks":68,"thermal:raw_tin":2,"minecraft:stick":10,"minecraft:raw_iron":25,"thermal:bell_pepper_seeds":3,"thermal:raw_lead":7,"oreberriesreplanted:copper_oreberry":9,"minecraft:torch":6,"minecraft:acacia_log":10,"botania:black_mushroom":1,"ars_nouveau:bastion_pod":3,"farmersdelight:tomato_seeds":9,"minecraft:redstone":16,"thermal:green_bean_seeds":1,"mekanism:raw_tin":11,"mekanism:raw_osmium":4,"thermal:apatite":71,"thermal:rice_seeds":3,"minecraft:orange_bed":4,"minecraft:stone_sword":1,"minecraft:rotten_flesh":4,"minecraft:stone_axe":1,"oreberriesreplanted:aluminum_oreberry_bush":1,"minecraft:bread":93,"thermal:amaranth_seeds":8,"minecraft:cobblestone":126},"minecraft:broken":{"minecraft:iron_pickaxe":1},"minecraft:killed_by":{"minecraft:player":1,"minecraft:zombie":1,"minecraft:iron_golem":3}},"DataVersion":3465}