{"stats":{"minecraft:used":{"minecraft:stone_sword":54,"thermal:amaranth_seeds":2,"minecraft:shield":3,"minecraft:bell":1,"minecraft:stone_hoe":3,"minecraft:orange_bed":3,"minecraft:dirt":11,"ars_nouveau:bastion_pod":3,"minecraft:carrot":3,"minecraft:tuff":8,"farmersdelight:tomato":2,"minecraft:cooked_beef":2,"minecraft:wheat_seeds":9,"minecraft:stone_pickaxe":88,"minecraft:mushroom_stew":1,"biomesoplenty:wildflower":1,"minecraft:wooden_hoe":23,"minecraft:apple":3,"minecraft:bread":19,"minecraft:cyan_bed":4,"minecraft:melon_slice":6,"minecraft:iron_pickaxe":254,"thermal:green_bean_seeds":1,"minecraft:stone_axe":32,"minecraft:cobblestone":10,"botania:red_mushroom":1,"alexsmobs:emu_egg":2},"minecraft:mined":{"thermal:deepslate_apatite_ore":12,"thermal:deepslate_cinnabar_ore":4,"minecraft:tuff":2,"biomesoplenty:desert_grass":4,"botania:red_mushroom":3,"thermal:tin_ore":4,"mekanism:deepslate_osmium_ore":4,"botania:black_mushroom":1,"minecraft:acacia_log":11,"psychadelic:copper_i_ichloride":2,"minecraft:grass_block":7,"psychadelic:oil":2,"ars_nouveau:bastion_pod":1,"minecraft:coal_block":7,"minecraft:kelp":4,"minecraft:spawner":1,"botania:light_gray_mushroom":1,"minecraft:iron_ore":5,"minecraft:fire":3,"minecraft:deepslate_lapis_ore":1,"minecraft:bell":1,"minecraft:deepslate_iron_ore":20,"botania:yellow_mushroom":1,"minecraft:stone":150,"minecraft:orange_bed":2,"minecraft:deepslate_redstone_ore":3,"minecraft:acacia_leaves":1,"minecraft:kelp_plant":2,"minecraft:rose_bush":1,"mekanism:tin_ore":3,"minecraft:tall_grass":7,"minecraft:cobblestone":1,"thermal:deepslate_lead_ore":7,"minecraft:cyan_bed":3,"botania:blue_mushroom":1,"psychadelic:sodium_chlorideore":30,"minecraft:wheat":6,"minecraft:lilac":1,"thermal:deepslate_silver_ore":3,"minecraft:grass":53,"mekanism:deepslate_tin_ore":8,"minecraft:coal_ore":6,"minecraft:dirt":5,"minecraft:gray_carpet":1,"mekanism:deepslate_uranium_ore":1,"thermal:deepslate_niter_ore":5,"minecraft:oak_leaves":1,"minecraft:deepslate":29},"minecraft:dropped":{"minecraft:wheat_seeds":8,"minecraft:crafting_table":2,"minecraft:cobblestone":4,"minecraft:leather":3,"minecraft:stick":3,"minecraft:brewing_stand":1,"minecraft:wooden_hoe":1,"minecraft:melon_slice":44,"minecraft:rose_bush":1,"minecraft:wooden_sword":1,"minecraft:bucket":1,"thermal:amaranth_seeds":1,"minecraft:bowl":1,"minecraft:rotten_flesh":14,"minecraft:oak_planks":30,"minecraft:poppy":1,"minecraft:shield":1,"minecraft:leather_boots":1,"minecraft:leather_leggings":1,"thermal:rice_seeds":3,"minecraft:beef":3,"minecraft:stone_pickaxe":1,"oreberriesreplanted:aluminum_oreberry_bush":1},"minecraft:picked_up":{"minecraft:charcoal":6,"minecraft:iron_chestplate":1,"minecraft:crafting_table":3,"minecraft:wheat":6,"thermal:amaranth":2,"minecraft:ladder":5,"thermal:raw_silver":6,"mekanism:raw_uranium":4,"minecraft:leather_leggings":2,"botania:blue_mushroom":1,"thermal:cinnabar":24,"minecraft:potion":3,"minecraft:brewing_stand":2,"minecraft:shield":3,"minecraft:raw_copper":3,"minecraft:wooden_sword":1,"minecraft:cobbled_deepslate":66,"minecraft:bucket":8,"minecraft:beef":6,"minecraft:rose_bush":1,"thermal:niter":63,"minecraft:poppy":1,"minecraft:melon_slice":94,"biomesoplenty:wildflower":1,"minecraft:coal_block":76,"minecraft:stick":10,"minecraft:raw_iron":75,"minecraft:jukebox":1,"botania:black_mushroom":3,"thermal:raw_lead":7,"minecraft:torch":6,"minecraft:bowl":1,"minecraft:acacia_log":10,"oreberriesreplanted:copper_oreberry":9,"farmersdelight:tomato_seeds":9,"minecraft:carrot":36,"minecraft:redstone":48,"mekanism:raw_tin":44,"thermal:apatite":284,"ars_nouveau:music_disc_firel_the_wild_hunt":2,"minecraft:orange_bed":4,"minecraft:stone_sword":1,"minecraft:arrow":6,"minecraft:rotten_flesh":14,"minecraft:pumpkin_pie":1,"oreberriesreplanted:aluminum_oreberry_bush":1,"alexsmobs:emu_egg":2,"minecraft:obsidian":12,"minecraft:cobblestone":245,"minecraft:cooked_beef":1,"minecraft:lilac":1,"minecraft:glow_ink_sac":3,"minecraft:leather":6,"botania:light_gray_mushroom":1,"minecraft:mushroom_stew":1,"minecraft:tuff":15,"psychadelic:copper_i_ichloridepulver":8,"botania:red_mushroom":9,"minecraft:wooden_hoe":2,"minecraft:lapis_lazuli":8,"farmersdelight:tomato":2,"minecraft:dirt":11,"botania:yellow_mushroom":1,"minecraft:leather_boots":2,"minecraft:bone":7,"psychadelic:sodium_chloride":90,"minecraft:acacia_planks":82,"minecraft:kelp":13,"minecraft:wheat_seeds":23,"minecraft:bell":1,"minecraft:stone_pickaxe":11,"minecraft:iron_ingot":6,"minecraft:oak_planks":68,"thermal:raw_tin":2,"thermal:bell_pepper_seeds":3,"ars_nouveau:bastion_pod":3,"minecraft:cyan_bed":5,"thermal:green_bean_seeds":1,"mekanism:raw_osmium":12,"minecraft:spider_eye":1,"thermal:rice_seeds":3,"minecraft:stone_axe":1,"minecraft:bread":112,"thermal:amaranth_seeds":9,"minecraft:coal":22},"minecraft:custom":{"minecraft:mob_kills":13,"minecraft:interact_with_crafting_table":9,"minecraft:open_barrel":7,"minecraft:bell_ring":10,"minecraft:eat_cake_slice":1,"minecraft:leave_game":1,"minecraft:time_since_death":13730,"minecraft:climb_one_cm":7274,"minecraft:sprint_one_cm":124478,"minecraft:walk_one_cm":352036,"minecraft:damage_blocked_by_shield":105,"minecraft:drop":39,"minecraft:play_time":105556,"minecraft:deaths":9,"minecraft:sneak_time":2362,"minecraft:walk_under_water_one_cm":11268,"minecraft:jump":1176,"minecraft:walk_on_water_one_cm":13086,"minecraft:total_world_time":105556,"minecraft:interact_with_furnace":5,"minecraft:sleep_in_bed":8,"minecraft:time_since_rest":5203,"minecraft:damage_taken":3702,"minecraft:damage_dealt":3992,"minecraft:player_kills":1,"minecraft:swim_one_cm":2374,"minecraft:fly_one_cm":119891,"minecraft:open_chest":27,"minecraft:crouch_one_cm":5773,"minecraft:fall_one_cm":23191},"minecraft:broken":{"minecraft:iron_pickaxe":1},"minecraft:crafted":{"minecraft:bone_meal":15,"minecraft:stone_hoe":1,"minecraft:magenta_dye":2,"minecraft:cooked_beef":1,"minecraft:magenta_bed":1,"minecraft:air":0,"minecraft:wooden_hoe":1,"minecraft:shield":1,"minecraft:stick":8,"minecraft:iron_ingot":10,"minecraft:iron_pickaxe":1,"minecraft:acacia_planks":40},"minecraft:killed":{"minecraft:spider":1,"minecraft:skeleton":9,"alexsmobs:emu":1,"alexsmobs:gazelle":1,"alexsmobs:fly":1},"minecraft:killed_by":{"minecraft:player":1,"minecraft:iron_golem":3,"minecraft:skeleton":3,"minecraft:zombie":1}},"DataVersion":3465}