{"stats":{"minecraft:crafted":{"minecraft:wooden_hoe":1,"minecraft:shield":1,"minecraft:stick":8,"minecraft:iron_ingot":10,"minecraft:iron_pickaxe":1,"minecraft:acacia_planks":40,"minecraft:stone_hoe":1},"minecraft:mined":{"thermal:deepslate_apatite_ore":4,"minecraft:acacia_leaves":1,"biomesoplenty:desert_grass":3,"thermal:tin_ore":4,"botania:black_mushroom":1,"minecraft:acacia_log":11,"ars_nouveau:bastion_pod":1,"minecraft:tall_grass":7,"psychadelic:sodium_chlorideore":20,"minecraft:wheat":6,"thermal:deepslate_silver_ore":3,"minecraft:bell":1,"minecraft:grass":41,"minecraft:deepslate_iron_ore":4,"thermal:deepslate_niter_ore":5,"minecraft:stone":7,"minecraft:oak_leaves":1,"minecraft:deepslate":3},"minecraft:dropped":{"minecraft:crafting_table":1,"minecraft:rotten_flesh":4,"minecraft:oak_planks":30,"minecraft:leather":3,"minecraft:poppy":1,"minecraft:brewing_stand":1,"minecraft:wooden_hoe":1,"minecraft:melon_slice":44,"minecraft:leather_boots":1,"minecraft:leather_leggings":1,"minecraft:wooden_sword":1,"thermal:rice_seeds":3,"minecraft:beef":3,"minecraft:stone_pickaxe":1,"minecraft:bucket":1},"minecraft:used":{"minecraft:wheat_seeds":9,"minecraft:stone_pickaxe":22,"thermal:amaranth_seeds":2,"minecraft:shield":3,"minecraft:bell":1,"minecraft:stone_hoe":3,"minecraft:orange_bed":1,"ars_nouveau:bastion_pod":3,"biomesoplenty:wildflower":1,"minecraft:wooden_hoe":23,"minecraft:bread":13,"minecraft:iron_pickaxe":46,"thermal:green_bean_seeds":1,"minecraft:stone_axe":3,"minecraft:cobblestone":7},"minecraft:custom":{"minecraft:interact_with_furnace":2,"minecraft:interact_with_crafting_table":5,"minecraft:bell_ring":10,"minecraft:time_since_death":21341,"minecraft:sleep_in_bed":3,"minecraft:time_since_rest":21367,"minecraft:sprint_one_cm":72320,"minecraft:damage_taken":2064,"minecraft:walk_one_cm":134868,"minecraft:damage_blocked_by_shield":105,"minecraft:drop":17,"minecraft:damage_dealt":816,"minecraft:fly_one_cm":86177,"minecraft:player_kills":1,"minecraft:open_chest":10,"minecraft:crouch_one_cm":222,"minecraft:play_time":47095,"minecraft:deaths":6,"minecraft:sneak_time":360,"minecraft:walk_under_water_one_cm":213,"minecraft:jump":628,"minecraft:walk_on_water_one_cm":8399,"minecraft:total_world_time":47095,"minecraft:fall_one_cm":14156},"minecraft:picked_up":{"minecraft:crafting_table":2,"minecraft:wheat":6,"thermal:raw_silver":3,"minecraft:glow_ink_sac":3,"minecraft:leather_leggings":2,"minecraft:leather":6,"minecraft:brewing_stand":2,"minecraft:wooden_hoe":2,"minecraft:wooden_sword":1,"minecraft:leather_boots":2,"psychadelic:sodium_chloride":20,"minecraft:acacia_planks":72,"minecraft:wheat_seeds":23,"minecraft:cobbled_deepslate":3,"minecraft:bucket":6,"minecraft:bell":1,"minecraft:beef":6,"minecraft:iron_ingot":3,"minecraft:stone_pickaxe":8,"thermal:niter":21,"minecraft:poppy":1,"minecraft:melon_slice":88,"biomesoplenty:wildflower":1,"minecraft:oak_planks":68,"thermal:raw_tin":2,"minecraft:stick":10,"minecraft:raw_iron":4,"thermal:bell_pepper_seeds":3,"minecraft:torch":6,"minecraft:acacia_log":10,"botania:black_mushroom":1,"ars_nouveau:bastion_pod":3,"farmersdelight:tomato_seeds":9,"thermal:green_bean_seeds":1,"thermal:apatite":24,"thermal:rice_seeds":3,"minecraft:orange_bed":2,"minecraft:stone_sword":1,"minecraft:rotten_flesh":4,"minecraft:stone_axe":1,"minecraft:bread":93,"thermal:amaranth_seeds":4,"minecraft:cobblestone":17},"minecraft:killed_by":{"minecraft:player":1,"minecraft:zombie":1,"minecraft:iron_golem":3}},"DataVersion":3465}