{"stats":{"minecraft:custom":{"minecraft:mob_kills":33,"minecraft:animals_bred":1,"minecraft:interact_with_crafting_table":28,"minecraft:open_barrel":21,"minecraft:bell_ring":20,"minecraft:eat_cake_slice":1,"minecraft:leave_game":5,"minecraft:time_since_death":162426,"minecraft:climb_one_cm":13969,"minecraft:sprint_one_cm":765561,"minecraft:walk_one_cm":964508,"minecraft:damage_blocked_by_shield":105,"minecraft:drop":137,"minecraft:damage_dealt_absorbed":40,"minecraft:talked_to_villager":1,"minecraft:play_time":409036,"minecraft:deaths":15,"minecraft:sneak_time":5495,"minecraft:walk_under_water_one_cm":28383,"minecraft:boat_one_cm":841918,"minecraft:jump":7443,"minecraft:walk_on_water_one_cm":37329,"minecraft:total_world_time":409036,"minecraft:interact_with_furnace":8,"minecraft:sleep_in_bed":15,"minecraft:time_since_rest":133391,"minecraft:waystone_activated":3,"minecraft:damage_taken":8146,"minecraft:damage_dealt":7559,"minecraft:player_kills":1,"minecraft:swim_one_cm":94571,"minecraft:fly_one_cm":1544373,"minecraft:open_chest":68,"minecraft:crouch_one_cm":11640,"minecraft:interact_with_smoker":1,"minecraft:fall_one_cm":197637,"minecraft:horse_one_cm":624},"minecraft:picked_up":{"minecraft:charcoal":6,"minecraft:iron_chestplate":1,"minecraft:crafting_table":3,"minecraft:wheat":6,"minerales_x:niggernium":22,"thermal:amaranth":2,"minecraft:ladder":7,"thermal:raw_silver":6,"mekanism:raw_uranium":4,"minecraft:leather_leggings":2,"botania:blue_mushroom":1,"thermal:cinnabar":24,"minecraft:potion":3,"minecraft:brewing_stand":2,"minecraft:shield":3,"minecraft:string":1,"minecraft:raw_copper":3,"minecraft:moss_carpet":1,"minecraft:wooden_sword":1,"thermal:barley_seeds":1,"alexsmobs:emu_feather":1,"biomesoplenty:black_sand":1,"minecraft:cobbled_deepslate":96,"minecraft:bucket":8,"minecraft:beef":6,"minecraft:rose_bush":2,"thermal:niter":70,"minecraft:poppy":1,"biomesoplenty:wildflower":1,"minecraft:coal_block":76,"minecraft:melon_slice":142,"minecraft:sugar_cane":4,"minecraft:stick":11,"minecraft:raw_iron":77,"minecraft:jukebox":1,"minecraft:green_bed":1,"minecraft:squid_spawn_egg":1,"oreberriesreplanted:copper_oreberry":9,"minecraft:bowl":1,"minecraft:torch":15,"thermal:raw_lead":7,"minecraft:acacia_log":11,"botania:black_mushroom":3,"farmersdelight:tomato_seeds":9,"minecraft:carrot":36,"minecraft:redstone":48,"thermal:flax_seeds":2,"mekanism:raw_tin":44,"thermal:apatite":284,"ars_nouveau:music_disc_firel_the_wild_hunt":2,"minecraft:orange_bed":4,"minecraft:tnt":1,"minecraft:stone_sword":1,"minecraft:arrow":6,"minecraft:rotten_flesh":14,"thermal:corn_seeds":1,"minecraft:pumpkin_pie":1,"minecraft:peony":1,"minecraft:hay_block":8,"minecraft:iron_block":8,"oreberriesreplanted:aluminum_oreberry_bush":1,"foodexpansion:squid":2,"alexsmobs:emu_egg":2,"thermal:radish_seeds":1,"botania:green_mystical_flower":1,"minecraft:obsidian":12,"minecraft:cobblestone":271,"minerales_x:pene":1,"minecraft:dark_oak_button":1,"minecraft:lilac":1,"minecraft:cooked_beef":1,"farmersdelight:rice":4,"minecraft:glow_ink_sac":3,"mekanism:raw_lead":3,"minecraft:andesite":27,"minecraft:leather":6,"botania:light_gray_mushroom":1,"minecraft:mushroom_stew":1,"minecraft:tuff":15,"minecraft:lily_pad":47,"minecraft:magenta_bed":6,"psychadelic:copper_i_ichloridepulver":8,"minecraft:yellow_bed":3,"minecraft:acacia_boat":2,"botania:red_mushroom":9,"minecraft:wooden_hoe":2,"minecraft:lapis_lazuli":8,"farmersdelight:tomato":2,"minecraft:dirt":1279,"botania:yellow_mushroom":1,"minecraft:leather_boots":2,"minecraft:bone":7,"psychadelic:sodium_chloride":90,"minecraft:acacia_planks":83,"minecraft:kelp":13,"minecraft:wheat_seeds":26,"minecraft:bell":1,"minecraft:stone_pickaxe":12,"minecraft:iron_ingot":6,"thermal:tomato_seeds":1,"minecraft:oak_planks":68,"minecraft:pillager_spawn_egg":2,"thermal:raw_tin":2,"thermal:bell_pepper_seeds":3,"minecraft:pumpkin":4,"psychadelic:peyoteslice":2,"minerales_x:niggernium_sword":1,"ars_nouveau:bastion_pod":3,"minecraft:cyan_bed":5,"minecraft:spruce_door":1,"thermal:green_bean_seeds":1,"thermal:onion_seeds":1,"mekanism:raw_osmium":12,"minecraft:spider_eye":3,"thermal:rice_seeds":4,"minecraft:pumpkin_seeds":11,"minecraft:stone_axe":1,"minecraft:emerald":1,"minecraft:bread":138,"thermal:amaranth_seeds":12,"minecraft:dark_oak_fence":4,"minecraft:coal":22,"psychadelic:chemistrybook":1,"minecraft:bricks":5},"minecraft:dropped":{"psychadelic:chemistrybook":1,"minecraft:wheat_seeds":8,"minecraft:crafting_table":2,"foodexpansion:squid":2,"minecraft:cobblestone":9,"thermal:corn_seeds":1,"minecraft:leather":3,"botania:red_mushroom":2,"thermal:barley_seeds":1,"minecraft:stick":7,"thermal:flax_seeds":1,"minecraft:brewing_stand":1,"minecraft:wooden_hoe":1,"minecraft:rose_bush":2,"minecraft:melon_slice":44,"minecraft:wooden_sword":1,"alexsmobs:emu_feather":1,"minecraft:pumpkin":1,"minerales_x:niggernium_sword":1,"thermal:radish_seeds":1,"minecraft:lily_pad":47,"minecraft:bucket":1,"minecraft:acacia_planks":1,"minecraft:moss_carpet":1,"minecraft:sugar_cane":4,"thermal:amaranth_seeds":2,"minecraft:bowl":2,"minecraft:rotten_flesh":14,"minecraft:oak_planks":30,"minerales_x:pene":3,"minecraft:pumpkin_seeds":21,"botania:black_mushroom":1,"minecraft:poppy":1,"minecraft:shield":1,"minecraft:leather_boots":1,"farmersdelight:rope":5,"minecraft:leather_leggings":1,"thermal:rice_seeds":3,"minecraft:beef":3,"minecraft:magenta_dye":1,"minecraft:stone_pickaxe":2,"oreberriesreplanted:aluminum_oreberry_bush":1},"minecraft:mined":{"thermal:deepslate_apatite_ore":12,"thermal:deepslate_cinnabar_ore":4,"minecraft:tuff":2,"biomesoplenty:desert_grass":15,"botania:red_mushroom":3,"thermal:tin_ore":4,"mekanism:deepslate_osmium_ore":4,"botania:black_mushroom":1,"minecraft:dark_oak_fence":6,"minecraft:acacia_log":12,"psychadelic:copper_i_ichloride":2,"minecraft:grass_block":9,"psychadelic:oil":2,"ars_nouveau:bastion_pod":1,"minecraft:coal_block":7,"minecraft:kelp":4,"minecraft:moss_block":1,"biomesoplenty:dune_grass":8,"minecraft:spawner":1,"minecraft:large_fern":1,"minecraft:hay_block":7,"botania:light_gray_mushroom":1,"farmersdelight:rice":2,"minecraft:iron_ore":7,"minecraft:fire":4,"minecraft:andesite":27,"minecraft:pumpkin":3,"minecraft:deepslate_lapis_ore":1,"minecraft:bell":1,"minecraft:deepslate_iron_ore":20,"botania:yellow_mushroom":1,"minecraft:stone":155,"minecraft:orange_bed":2,"botania:green_mystical_flower":1,"minecraft:deepslate_redstone_ore":3,"minecraft:acacia_leaves":1,"minecraft:kelp_plant":2,"minerales_x:niggernium_ore":22,"biomesoplenty:wildflower":1,"biomesoplenty:black_sand":1,"psychadelic:san_pedro_plant":2,"minecraft:spruce_door":1,"minecraft:poppy":2,"minecraft:melon":6,"minecraft:rose_bush":2,"mekanism:tin_ore":3,"minecraft:tall_grass":32,"minecraft:cobblestone":1,"thermal:deepslate_lead_ore":7,"biomesoplenty:sprout":2,"minecraft:cyan_bed":3,"minecraft:lily_pad":1,"minecraft:sugar_cane":3,"minecraft:wall_torch":8,"botania:blue_mushroom":1,"psychadelic:sodium_chlorideore":30,"minecraft:wheat":6,"minecraft:magenta_bed":6,"minecraft:lilac":1,"thermal:deepslate_silver_ore":3,"minecraft:yellow_bed":3,"minecraft:grass":167,"mekanism:deepslate_tin_ore":8,"minecraft:coal_ore":6,"mekanism:lead_ore":3,"minecraft:dirt":45,"minecraft:gray_carpet":1,"mekanism:deepslate_uranium_ore":1,"thermal:deepslate_niter_ore":7,"minecraft:oak_leaves":2,"minecraft:deepslate":59,"minecraft:fern":12},"minecraft:broken":{"minecraft:iron_pickaxe":1},"minecraft:killed_by":{"minecraft:player":2,"minecraft:iron_golem":3,"minecraft:skeleton":3,"alexsmobs:rhinoceros":2,"minecraft:zombie":3},"minecraft:killed":{"minecraft:spider":3,"minecraft:skeleton":9,"alexsmobs:blue_jay":1,"alexsmobs:straddler":1,"minecraft:magma_cube":3,"minecraft:squid":1,"alexsmobs:emu":3,"minecraft:pillager":1,"minecraft:zombie":1,"alexsmobs:gazelle":1,"alexsmobs:roadrunner":1,"alexsmobs:fly":1,"minerales_x:among_us":3,"minecraft:villager":2,"minecraft:enderman":1},"minecraft:crafted":{"minecraft:oak_planks":40,"minerales_x:niggernium_sword":1,"minecraft:bone_meal":15,"minerales_x:niggernium_pickaxe":1,"minecraft:chest":2,"minecraft:stone_hoe":1,"minecraft:magenta_dye":2,"minecraft:wheat":72,"minecraft:cooked_beef":1,"minecraft:magenta_bed":1,"minecraft:iron_sword":1,"minecraft:bucket":1,"minecraft:pumpkin_seeds":12,"minecraft:acacia_boat":1,"minecraft:bread":21,"minecraft:air":0,"minecraft:wooden_hoe":1,"minecraft:shield":1,"minecraft:stick":24,"minecraft:iron_ingot":82,"minecraft:iron_pickaxe":2,"minecraft:acacia_planks":44,"minecraft:torch":8,"minerales_x:pene":2},"minecraft:used":{"minecraft:stone_sword":54,"minecraft:ladder":2,"thermal:amaranth_seeds":2,"minecraft:chest":2,"minecraft:shield":3,"minecraft:iron_sword":97,"botania:green_mystical_flower":1,"minecraft:bell":1,"minecraft:stone_hoe":3,"minecraft:orange_bed":4,"minecraft:torch":12,"minecraft:dirt":816,"ars_nouveau:bastion_pod":3,"minecraft:carrot":22,"minecraft:tuff":8,"minecraft:milk_bucket":2,"minecraft:bricks":5,"farmersdelight:tomato":2,"psychadelic:peyoteslice":2,"minecraft:dark_oak_button":1,"minecraft:goat_horn":2,"minecraft:cooked_beef":2,"biomesoplenty:black_sand":1,"minecraft:wheat_seeds":9,"minecraft:acacia_boat":3,"minecraft:water_bucket":1,"minecraft:spruce_door":1,"minecraft:stone_pickaxe":92,"minecraft:green_bed":1,"minecraft:tnt":4,"minecraft:mushroom_stew":1,"minecraft:magenta_bed":7,"farmersdelight:rice":4,"biomesoplenty:wildflower":1,"minecraft:squid_spawn_egg":1,"minecraft:wooden_hoe":23,"easy_villagers:villager":1,"minecraft:apple":3,"minecraft:bread":82,"minecraft:cyan_bed":4,"minecraft:melon_slice":54,"minecraft:iron_pickaxe":351,"thermal:green_bean_seeds":1,"minerales_x:niggernium_sword":17,"minecraft:stone_axe":32,"minecraft:cobblestone":41,"minecraft:dark_oak_fence":4,"minecraft:bucket":2,"minecraft:andesite":7,"minecraft:yellow_bed":3,"minecraft:pumpkin_pie":4,"minecraft:pillager_spawn_egg":2,"botania:red_mushroom":1,"minecraft:experience_bottle":2,"alexsmobs:emu_egg":2}},"DataVersion":3465}