{"stats":{"minecraft:killed":{"minecraft:spider":1,"minecraft:skeleton":4,"alexsmobs:emu":1,"alexsmobs:gazelle":1,"alexsmobs:fly":1},"minecraft:crafted":{"minecraft:stone_hoe":1,"minecraft:cooked_beef":1,"minecraft:air":0,"minecraft:wooden_hoe":1,"minecraft:shield":1,"minecraft:stick":8,"minecraft:iron_ingot":10,"minecraft:iron_pickaxe":1,"minecraft:acacia_planks":40},"minecraft:mined":{"thermal:deepslate_apatite_ore":12,"thermal:deepslate_cinnabar_ore":4,"minecraft:tuff":2,"biomesoplenty:desert_grass":4,"botania:red_mushroom":2,"thermal:tin_ore":4,"mekanism:deepslate_osmium_ore":4,"botania:black_mushroom":1,"minecraft:acacia_log":11,"psychadelic:copper_i_ichloride":2,"psychadelic:oil":2,"ars_nouveau:bastion_pod":1,"minecraft:coal_block":7,"minecraft:spawner":1,"botania:light_gray_mushroom":1,"minecraft:iron_ore":5,"minecraft:fire":3,"minecraft:deepslate_lapis_ore":1,"minecraft:bell":1,"minecraft:deepslate_iron_ore":20,"botania:yellow_mushroom":1,"minecraft:stone":150,"minecraft:orange_bed":2,"minecraft:deepslate_redstone_ore":3,"minecraft:acacia_leaves":1,"mekanism:tin_ore":3,"minecraft:tall_grass":7,"thermal:deepslate_lead_ore":7,"botania:blue_mushroom":1,"psychadelic:sodium_chlorideore":30,"minecraft:wheat":6,"thermal:deepslate_silver_ore":3,"minecraft:grass":43,"mekanism:deepslate_tin_ore":8,"minecraft:coal_ore":6,"minecraft:dirt":1,"minecraft:gray_carpet":1,"mekanism:deepslate_uranium_ore":1,"thermal:deepslate_niter_ore":5,"minecraft:oak_leaves":1,"minecraft:deepslate":29},"minecraft:dropped":{"minecraft:wheat_seeds":8,"minecraft:crafting_table":2,"minecraft:cobblestone":4,"minecraft:leather":3,"minecraft:stick":3,"minecraft:brewing_stand":1,"minecraft:wooden_hoe":1,"minecraft:melon_slice":44,"minecraft:wooden_sword":1,"minecraft:bucket":1,"thermal:amaranth_seeds":1,"minecraft:bowl":1,"minecraft:rotten_flesh":4,"minecraft:oak_planks":30,"minecraft:poppy":1,"minecraft:shield":1,"minecraft:leather_boots":1,"minecraft:leather_leggings":1,"thermal:rice_seeds":3,"minecraft:stone_pickaxe":1,"minecraft:beef":3,"oreberriesreplanted:aluminum_oreberry_bush":1},"minecraft:used":{"minecraft:stone_sword":29,"thermal:amaranth_seeds":2,"minecraft:shield":3,"minecraft:bell":1,"minecraft:stone_hoe":3,"minecraft:orange_bed":3,"ars_nouveau:bastion_pod":3,"minecraft:tuff":1,"farmersdelight:tomato":2,"minecraft:cooked_beef":2,"minecraft:wheat_seeds":9,"minecraft:stone_pickaxe":83,"minecraft:mushroom_stew":1,"biomesoplenty:wildflower":1,"minecraft:wooden_hoe":23,"minecraft:apple":1,"minecraft:bread":18,"minecraft:melon_slice":6,"minecraft:iron_pickaxe":254,"thermal:green_bean_seeds":1,"minecraft:stone_axe":32,"minecraft:cobblestone":9},"minecraft:custom":{"minecraft:mob_kills":8,"minecraft:interact_with_crafting_table":9,"minecraft:open_barrel":3,"minecraft:bell_ring":10,"minecraft:eat_cake_slice":1,"minecraft:time_since_death":57341,"minecraft:climb_one_cm":1072,"minecraft:sprint_one_cm":109794,"minecraft:walk_one_cm":280329,"minecraft:damage_blocked_by_shield":105,"minecraft:drop":28,"minecraft:play_time":83095,"minecraft:deaths":6,"minecraft:sneak_time":1021,"minecraft:walk_under_water_one_cm":1141,"minecraft:jump":994,"minecraft:walk_on_water_one_cm":11798,"minecraft:total_world_time":83095,"minecraft:interact_with_furnace":5,"minecraft:sleep_in_bed":6,"minecraft:time_since_rest":3494,"minecraft:damage_taken":2764,"minecraft:damage_dealt":3107,"minecraft:player_kills":1,"minecraft:fly_one_cm":107969,"minecraft:open_chest":24,"minecraft:crouch_one_cm":2214,"minecraft:fall_one_cm":17767},"minecraft:picked_up":{"minecraft:crafting_table":3,"minecraft:iron_chestplate":1,"minecraft:wheat":6,"thermal:amaranth":2,"thermal:raw_silver":3,"mekanism:raw_uranium":1,"minecraft:leather_leggings":2,"botania:blue_mushroom":1,"thermal:cinnabar":6,"minecraft:brewing_stand":2,"minecraft:shield":1,"minecraft:raw_copper":1,"minecraft:wooden_sword":1,"minecraft:cobbled_deepslate":33,"minecraft:bucket":6,"minecraft:beef":6,"thermal:niter":21,"minecraft:poppy":1,"biomesoplenty:wildflower":1,"minecraft:melon_slice":94,"minecraft:coal_block":19,"minecraft:stick":10,"minecraft:raw_iron":25,"botania:black_mushroom":1,"minecraft:torch":6,"thermal:raw_lead":7,"minecraft:acacia_log":10,"oreberriesreplanted:copper_oreberry":9,"farmersdelight:tomato_seeds":9,"minecraft:redstone":16,"mekanism:raw_tin":11,"thermal:apatite":71,"minecraft:orange_bed":4,"minecraft:stone_sword":1,"minecraft:rotten_flesh":4,"oreberriesreplanted:aluminum_oreberry_bush":1,"minecraft:cobblestone":127,"minecraft:cooked_beef":1,"minecraft:glow_ink_sac":3,"minecraft:leather":6,"botania:light_gray_mushroom":1,"minecraft:mushroom_stew":1,"minecraft:tuff":1,"psychadelic:copper_i_ichloridepulver":2,"botania:red_mushroom":2,"minecraft:wooden_hoe":2,"minecraft:lapis_lazuli":8,"farmersdelight:tomato":2,"botania:yellow_mushroom":1,"minecraft:leather_boots":2,"psychadelic:sodium_chloride":30,"minecraft:acacia_planks":72,"minecraft:wheat_seeds":23,"minecraft:bell":1,"minecraft:iron_ingot":3,"minecraft:stone_pickaxe":8,"minecraft:oak_planks":68,"thermal:raw_tin":2,"thermal:bell_pepper_seeds":3,"ars_nouveau:bastion_pod":3,"thermal:green_bean_seeds":1,"mekanism:raw_osmium":4,"thermal:rice_seeds":3,"minecraft:stone_axe":1,"minecraft:bread":93,"thermal:amaranth_seeds":9,"minecraft:coal":11},"minecraft:broken":{"minecraft:iron_pickaxe":1},"minecraft:killed_by":{"minecraft:player":1,"minecraft:iron_golem":3,"minecraft:zombie":1}},"DataVersion":3465}