{"stats":{"minecraft:crafted":{"minecraft:wooden_hoe":1,"minecraft:stick":4,"minecraft:acacia_planks":40,"minecraft:stone_hoe":1},"minecraft:mined":{"minecraft:acacia_leaves":1,"minecraft:grass":39,"minecraft:acacia_log":11,"minecraft:tall_grass":7,"minecraft:stone":5},"minecraft:dropped":{"minecraft:brewing_stand":1,"minecraft:wooden_hoe":1,"minecraft:crafting_table":1,"minecraft:melon_slice":44,"minecraft:leather_boots":1,"minecraft:rotten_flesh":4,"minecraft:leather_leggings":1,"minecraft:wooden_sword":1,"minecraft:oak_planks":30,"minecraft:leather":3,"thermal:rice_seeds":3,"minecraft:stone_pickaxe":1,"minecraft:beef":3,"minecraft:bucket":1},"minecraft:used":{"minecraft:wooden_hoe":23,"minecraft:bread":4,"minecraft:stone_pickaxe":10,"thermal:amaranth_seeds":1,"thermal:green_bean_seeds":1,"minecraft:orange_bed":1,"minecraft:cobblestone":4},"minecraft:picked_up":{"minecraft:stick":7,"minecraft:crafting_table":2,"thermal:bell_pepper_seeds":3,"minecraft:leather_leggings":2,"minecraft:leather":6,"minecraft:torch":4,"minecraft:acacia_log":10,"farmersdelight:tomato_seeds":9,"minecraft:brewing_stand":2,"thermal:green_bean_seeds":1,"minecraft:wooden_hoe":2,"thermal:rice_seeds":3,"minecraft:wooden_sword":1,"minecraft:orange_bed":2,"minecraft:leather_boots":2,"minecraft:rotten_flesh":4,"minecraft:acacia_planks":72,"minecraft:wheat_seeds":6,"minecraft:bucket":4,"minecraft:beef":6,"minecraft:stone_pickaxe":4,"minecraft:bread":79,"minecraft:melon_slice":88,"thermal:amaranth_seeds":4,"minecraft:oak_planks":60,"minecraft:cobblestone":13},"minecraft:custom":{"minecraft:time_since_rest":1105,"minecraft:sprint_one_cm":18970,"minecraft:damage_taken":805,"minecraft:walk_one_cm":56824,"minecraft:drop":16,"minecraft:damage_dealt":234,"minecraft:interact_with_crafting_table":2,"minecraft:fly_one_cm":25989,"minecraft:player_kills":1,"minecraft:open_chest":4,"minecraft:crouch_one_cm":114,"minecraft:play_time":23095,"minecraft:deaths":3,"minecraft:sneak_time":88,"minecraft:jump":240,"minecraft:sleep_in_bed":3,"minecraft:time_since_death":4969,"minecraft:walk_on_water_one_cm":740,"minecraft:total_world_time":23095,"minecraft:fall_one_cm":2861},"minecraft:killed_by":{"minecraft:player":1,"minecraft:zombie":1}},"DataVersion":3465}