{"stats":{"minecraft:custom":{"minecraft:interact_with_crafting_table":146,"minecraft:open_barrel":246,"minecraft:eat_cake_slice":6,"minecraft:leave_game":3,"minecraft:time_since_death":227766,"minecraft:sprint_one_cm":778605,"minecraft:damage_blocked_by_shield":75,"minecraft:drop":151,"minecraft:play_time":565949,"minecraft:deaths":6,"minecraft:jump":3264,"minecraft:walk_on_water_one_cm":16918,"minecraft:interact_with_furnace":335,"minecraft:interact_with_loom":4,"minecraft:sleep_in_bed":4,"minecraft:damage_dealt":33904,"minecraft:player_kills":1,"minecraft:crouch_one_cm":8218,"minecraft:horse_one_cm":860,"minecraft:interact_with_smithing_table":23,"minecraft:interact_with_anvil":19,"minecraft:mob_kills":223,"minecraft:damage_dealt_resisted":250,"minecraft:climb_one_cm":1826,"minecraft:walk_one_cm":1544526,"minecraft:sneak_time":5454,"minecraft:walk_under_water_one_cm":13788,"minecraft:interact_with_blast_furnace":2,"minecraft:total_world_time":565949,"minecraft:time_since_rest":51676,"minecraft:damage_taken":4733,"minecraft:swim_one_cm":2257,"minecraft:fly_one_cm":317635,"minecraft:open_chest":27,"minecraft:fall_one_cm":62349},"minecraft:dropped":{"minecraft:moss_block":10,"minecraft:stripped_mangrove_wood":1,"minecraft:baked_potato":16,"minecraft:glass_bottle":1,"minecraft:diamond":3,"minecraft:crafting_table":1,"minecraft:glow_berries":10,"minecraft:red_carpet":3,"minecraft:flint":13,"minecraft:cracked_polished_blackstone_bricks":1,"minecraft:dirt":3,"immersive_aircraft:gyrodyne":1,"minecraft:gold_nugget":13,"minecraft:polished_blackstone_bricks":3,"minecraft:mangrove_slab":3,"minecraft:white_wool":1,"minecraft:cyan_carpet":15,"minecraft:gravel":139,"minecraft:blackstone":59,"alexsmobs:animal_dictionary":1,"mekanismtools:osmium_pickaxe":1,"minecraft:cobbled_deepslate":703,"minecraft:cherry_sapling":28,"minecraft:rotten_flesh":3,"minerales_x:pene":1,"thermal:eggplant_seeds":2,"oreberriesreplanted:tin_oreberry_bush":9,"minecraft:birch_trapdoor":2,"oreberriesreplanted:lead_oreberry_bush":1,"thermal:rice_seeds":1,"minecraft:basalt":16,"minecraft:red_nether_bricks":2,"minecraft:netherrack":747,"minecraft:iron_ingot":25,"psychadelic:chemistrybook":1,"minecraft:enchanted_book":1,"minecraft:mossy_cobblestone":1,"oreberriesreplanted:tin_oreberry":2,"minecraft:oak_fence":6,"minecraft:stick":6,"ars_nouveau:worn_notebook":1,"oreberriesreplanted:copper_oreberry_bush":3,"oreberriesreplanted:lead_oreberry":1,"minecraft:torch":2,"minecraft:wooden_axe":1,"minecraft:pink_petals":9,"minecraft:nether_brick_slab":1,"minecraft:tuff":37,"minecraft:light_gray_wool":2,"minecraft:iron_boots":1,"minecraft:diamond_chestplate":2,"oreberriesreplanted:aluminum_oreberry":8,"minecraft:diamond_pickaxe":1,"minecraft:andesite":287,"minecraft:wooden_shovel":1,"minecraft:golden_sword":4,"oreberriesreplanted:copper_oreberry":3,"minecraft:stripped_cherry_log":1,"minecraft:spider_eye":1,"minecraft:diamond_boots":2,"thermal:bell_pepper_seeds":1,"minecraft:wooden_pickaxe":2,"oreberriesreplanted:aluminum_oreberry_bush":4,"minecraft:magma_block":2,"minecraft:black_wool":1},"minecraft:picked_up":{"minecraft:iron_chestplate":1,"minerales_x:niggernium":33,"mekanism:raw_uranium":33,"minecraft:smithing_table":7,"minecraft:brown_bed":1,"minecraft:potion":1,"minecraft:enchanted_book":1,"minecraft:golden_sword":5,"thermal:basalz_rod":1,"minecraft:string":46,"minecraft:raw_copper":323,"minecraft:red_nether_bricks":2,"thermal:sulfur":75,"alexsmobs:dropbear_claw":1,"minecraft:gold_nugget":31,"minecraft:cobbled_deepslate":841,"minecraft:calcite":1,"minecraft:melon_slice":9,"minecraft:coal_block":2,"minecraft:iron_boots":1,"minecraft:furnace":6,"minecraft:stick":32,"minecraft:green_bed":2,"oreberriesreplanted:copper_oreberry":3,"minecraft:birch_trapdoor":2,"minecraft:oak_fence":6,"thermal:raw_lead":45,"minecraft:torch":147,"minecraft:acacia_log":32,"minecraft:porkchop":13,"minecraft:golden_axe":2,"minecraft:cherry_log":102,"minecraft:pointed_dripstone":2,"thermal:flax_seeds":60,"mekanism:raw_tin":95,"alexsmobs:centipede_leg":2,"thermal:apatite":28,"minecraft:rotten_flesh":38,"minecraft:iron_block":13,"oreberriesreplanted:aluminum_oreberry_bush":4,"thermal:radish_seeds":1,"oreberriesreplanted:lead_oreberry_bush":1,"psychadelic:copper_oxide":2,"minecraft:cobblestone":316,"minecraft:pink_petals":18,"minecraft:magma_block":17,"minecraft:feather":5,"minecraft:magma_cream":1,"minecraft:cherry_planks":9,"minecraft:andesite":298,"alexsmobs:bison_fur":6,"minecraft:flint":32,"minecraft:tuff":46,"psychadelic:copper_i_ichloridepulver":1,"alexsmobs:rocky_shell":1,"minecraft:mangrove_slab":3,"minecraft:lapis_lazuli":301,"minecraft:dirt":6,"minecraft:glass":43,"minecraft:bone":21,"psychadelic:sodium_chloride":34,"minecraft:acacia_planks":18,"minecraft:raw_gold":77,"minerales_x:nexium":12,"minecraft:bamboo":7,"minecraft:glowstone_dust":45,"ironfurnaces:iron_furnace":7,"thermal:raw_tin":25,"thermal:bell_pepper_seeds":1,"thermal:flax":14,"minecraft:cooked_porkchop":2,"minerales_x:niggernium_sword":1,"oreberriesreplanted:copper_oreberry_bush":3,"minecraft:sand":31,"minecraft:stripped_spruce_log":1,"sophisticatedbackpacks:iron_backpack":1,"minecraft:mossy_cobblestone":1,"minecraft:skeleton_spawn_egg":1,"minecraft:diamond":165,"minecraft:cracked_polished_blackstone_bricks":7,"thermal:eggplant_seeds":2,"minecraft:crossbow":1,"minecraft:bone_meal":54,"oreberriesreplanted:tin_oreberry":2,"minecraft:emerald":1,"minecraft:horse_spawn_egg":1,"oreberriesreplanted:aluminum_oreberry":8,"minecraft:bread":32,"oreberriesreplanted:lead_oreberry":1,"minecraft:netherrack":1021,"minecraft:charcoal":22,"minecraft:crafting_table":19,"minecraft:chicken":5,"thermal:raw_silver":33,"thermal:cinnabar":4,"minecraft:gold_block":13,"minecraft:stripped_cherry_log":1,"minecraft:moss_carpet":1,"thermal:raw_nickel":10,"minecraft:cyan_carpet":15,"minecraft:blackstone":85,"psychadelic:san_pedro_stage_2":1,"minecraft:beef":47,"thermal:niter":25,"ironfurnaces:diamond_furnace":9,"minecraft:light_gray_wool":2,"minecraft:spruce_trapdoor":1,"minecraft:raw_iron":221,"minecraft:stripped_mangrove_wood":1,"psychadelic:sodiumcarbonate":11,"sophisticatedbackpacks:backpack":1,"minecraft:polished_blackstone_bricks":16,"oreberriesreplanted:iron_oreberry":8,"minecraft:redstone":437,"minecraft:chicken_spawn_egg":1,"thermal:peanut_seeds":2,"minecraft:arrow":29,"minecraft:pumpkin_pie":1,"minecraft:peony":2,"ironfurnaces:gold_furnace":3,"minecraft:shears":1,"alexscaves:spelunkery_table":1,"minecraft:mutton":9,"minecraft:white_wool":51,"minerales_x:pene":2,"minecraft:basalt":95,"foodexpansion:horse_meat":2,"mekanism:raw_lead":64,"minecraft:leather":1,"minecraft:ancient_debris":33,"minecraft:gunpowder":4,"psychadelic:manganesedioxide":1,"minecraft:red_carpet":3,"minecraft:witch_spawn_egg":1,"minecraft:creeper_spawn_egg":1,"minecraft:silverfish_spawn_egg":2,"minecraft:iron_ingot":12,"thermal:tomato_seeds":1,"psychadelic:peyoteslice":1,"minecraft:quartz":34,"minecraft:gravel":139,"minecraft:nether_brick_slab":1,"minecraft:white_bed":2,"minecraft:spruce_log":15,"psychadelic:coppercarbonate":6,"mekanism:raw_osmium":88,"minecraft:spider_eye":4,"thermal:rice_seeds":1,"minecraft:husk_spawn_egg":2,"minecraft:iron_helmet":1,"mekanism:fluorite_gem":172,"minecraft:cherry_sapling":30,"oreberriesreplanted:tin_oreberry_bush":9,"minecraft:warped_roots":1,"minecraft:black_wool":1,"minecraft:coal":398},"minecraft:mined":{"thermal:deepslate_tin_ore":11,"minecraft:white_bed":2,"thermal:cinnabar_ore":3,"minerales_x:nexium_ore":12,"thermal:sulfur_ore":14,"minecraft:cherry_log":27,"oreberriesreplanted:aluminum_oreberry_bush":4,"minecraft:red_nether_bricks":6,"thermal:tin_ore":14,"minecraft:spruce_trapdoor":1,"minecraft:grass_block":4,"minecraft:cracked_polished_blackstone_bricks":7,"minecraft:coal_block":2,"minecraft:spawner":3,"minecraft:polished_blackstone_bricks":16,"botania:cyan_mushroom":1,"minecraft:magma_block":22,"minecraft:glowstone":23,"ironfurnaces:gold_furnace":3,"minecraft:cobbled_deepslate":11,"minecraft:iron_ore":135,"minecraft:fire":14,"minecraft:deepslate_lapis_ore":28,"minecraft:brown_bed":1,"minecraft:cave_vines":6,"minecraft:flowering_azalea_leaves":1,"oreberriesreplanted:lead_oreberry_bush":1,"minecraft:azalea_leaves":2,"minecraft:stripped_mangrove_wood":1,"minecraft:green_bed":2,"minecraft:deepslate_redstone_ore":87,"mekanism:osmium_ore":55,"minecraft:blackstone":86,"psychadelic:coppercarbonateore":6,"oreberriesreplanted:tin_oreberry_bush":9,"ironfurnaces:iron_furnace":7,"thermal:lead_ore":11,"minecraft:torch":6,"minecraft:calcite":1,"mekanism:tin_ore":79,"minecraft:nether_brick_slab":1,"minecraft:nether_quartz_ore":34,"minecraft:cobblestone":5,"thermal:deepslate_lead_ore":34,"minecraft:wall_torch":13,"minecraft:deepslate_copper_ore":25,"minecraft:pink_petals":18,"mekanism:fluorite_ore":10,"minecraft:birch_trapdoor":2,"thermal:niter_ore":6,"minecraft:grass":41,"mekanism:deepslate_tin_ore":16,"mekanism:lead_ore":47,"minecraft:sand":33,"minecraft:dirt":3,"thermal:nickel_ore":3,"minecraft:netherrack":1097,"minecraft:ancient_debris":33,"minecraft:deepslate":831,"minecraft:infested_deepslate":15,"minecraft:nether_gold_ore":8,"alexscaves:spelunkery_table":1,"minecraft:tuff":47,"minecraft:red_carpet":3,"minecraft:mossy_cobblestone":1,"minecraft:deepslate_diamond_ore":165,"minecraft:stripped_cherry_log":1,"psychadelic:copper_oxide_ore":2,"mekanism:deepslate_osmium_ore":33,"minecraft:glow_lichen":5,"psychadelic:copper_i_ichloride":1,"psychadelic:oil":3,"thermal:deepslate_nickel_ore":7,"thermal:flax":16,"minecraft:black_stained_glass_pane":2,"minecraft:redstone_ore":11,"minecraft:furnace":6,"psychadelic:manganesedioxideore":1,"minecraft:andesite":301,"minecraft:stripped_spruce_log":1,"minecraft:peony":2,"minecraft:gold_block":14,"oreberriesreplanted:copper_oreberry_bush":3,"minecraft:deepslate_iron_ore":87,"minecraft:vine":3,"minecraft:stone":185,"minecraft:cake":2,"oreberriesreplanted:iron_oreberry_bush":1,"minecraft:smithing_table":7,"mekanism:deepslate_lead_ore":17,"minecraft:oak_slab":1,"minecraft:cherry_planks":9,"minerales_x:niggernium_ore":33,"minecraft:basalt":103,"psychadelic:san_pedro_plant":1,"minecraft:oak_fence":6,"thermal:apatite_ore":4,"minecraft:crafting_table":19,"minecraft:warped_roots":1,"minecraft:copper_ore":68,"minecraft:tall_grass":15,"minecraft:deepslate_coal_ore":5,"minecraft:deepslate_gold_ore":69,"minecraft:lapis_ore":18,"ironfurnaces:diamond_furnace":9,"psychadelic:sodium_chlorideore":35,"thermal:deepslate_silver_ore":20,"minecraft:mangrove_slab":3,"thermal:silver_ore":13,"minecraft:coal_ore":196,"psychadelic:sodiumcarbonateore":11,"minecraft:cyan_carpet":16,"minecraft:gravel":145,"mekanism:deepslate_fluorite_ore":64,"minecraft:cobweb":10,"mekanism:deepslate_uranium_ore":33,"minecraft:gold_ore":8,"thermal:deepslate_sulfur_ore":5,"minecraft:infested_stone":8},"minecraft:killed_by":{"minecraft:piglin_brute":1,"minecraft:creeper":1,"alexsmobs:dropbear":1},"minecraft:broken":{"mekanismtools:osmium_paxel":1,"minerales_x:niggernium_sword":1,"minecraft:iron_pickaxe":1},"minecraft:killed":{"minecraft:zombified_piglin":24,"minecraft:spider":11,"minecraft:skeleton":17,"minecraft:chicken":5,"minecraft:silverfish":20,"alexsmobs:straddler":1,"alexsmobs:centipede_head":1,"minecraft:piglin_brute":7,"minecraft:magma_cube":31,"minecraft:piglin":17,"minecraft:pig":5,"alexsmobs:stradpole":2,"minecraft:creeper":5,"minecraft:sheep":7,"minecraft:pillager":2,"minecraft:zombie":23,"minecraft:ghast":1,"alexsmobs:dropbear":2,"thermal:basalz":2,"minecraft:horse":1,"alexsmobs:bison":6,"minecraft:husk":13},"minecraft:crafted":{"mekanismtools:diamond_paxel":1,"minecraft:oak_planks":8,"mekanism:ingot_osmium":4,"minecraft:cooked_chicken":0,"minerales_x:niggernium_sword":1,"ironfurnaces:iron_furnace":3,"minecraft:stone":3,"minecraft:diamond_shovel":2,"ironfurnaces:diamond_furnace":1,"minecraft:cooked_mutton":0,"minecraft:diamond_helmet":1,"minecraft:diamond_leggings":1,"minecraft:netherite_boots":1,"sophisticatedbackpacks:copper_backpack":1,"minecraft:raw_copper":36,"immersive_aircraft:hull":6,"minecraft:netherite_helmet":1,"minecraft:netherite_upgrade_smithing_template":12,"foodexpansion:cooked_horse_meat":0,"minecraft:golden_boots":1,"mekanismtools:osmium_pickaxe":2,"minerales_x:nexium_sword":1,"mekanism:ingot_tin":0,"minecraft:wooden_shovel":1,"minecraft:cooked_porkchop":0,"minecraft:diamond_axe":2,"minecraft:crafting_table":4,"minecraft:spruce_planks":60,"minecraft:wooden_pickaxe":2,"minecraft:baked_potato":0,"minecraft:smithing_table":1,"minecraft:copper_ingot":121,"minecraft:gold_block":1,"immersive_aircraft:propeller":2,"mekanism:ingot_lead":0,"minecraft:string":14,"minecraft:wooden_hoe":1,"minecraft:diamond_pickaxe":3,"minecraft:charcoal":20,"sophisticatedbackpacks:diamond_backpack":2,"minecraft:stick":20,"minecraft:iron_ingot":26,"minecraft:iron_pickaxe":1,"minecraft:gold_ingot":129,"minecraft:netherite_ingot":9,"sophisticatedbackpacks:netherite_backpack":1,"minecraft:shears":1,"minecraft:cherry_planks":88,"mekanismtools:osmium_paxel":1,"ironfurnaces:gold_furnace":1,"mekanismtools:osmium_shovel":1,"immersive_aircraft:sail":10,"minecraft:furnace":4,"minecraft:piston":2,"mekanism:ingot_uranium":0,"minecraft:white_carpet":60,"minecraft:flint_and_steel":1,"mekanismtools:osmium_axe":1,"minecraft:netherite_axe":1,"minecraft:netherite_leggings":1,"thermal:silver_ingot":0,"minecraft:diamond_boots":1,"minecraft:netherite_scrap":0,"sophisticatedbackpacks:iron_backpack":1,"minecraft:cooked_beef":0,"minecraft:netherite_pickaxe":1,"minecraft:spruce_sign":3,"minecraft:iron_sword":1,"ironfurnaces:upgrade_iron":2,"sophisticatedbackpacks:gold_backpack":2,"minerales_x:niggernium_axe":1,"minecraft:air":0,"minecraft:white_wool":2,"immersive_aircraft:gyrodyne":2,"thermal:lead_ingot":0,"minecraft:raw_gold":18,"minecraft:netherite_shovel":1,"minecraft:wooden_axe":1,"minecraft:cherry_door":3,"minecraft:white_bed":1,"minecraft:acacia_planks":8,"minecraft:torch":4,"minecraft:diamond_chestplate":1},"minecraft:used":{"minecraft:beetroot":8,"minecraft:cherry_sapling":2,"minecraft:shield":1,"minecraft:iron_sword":21,"minecraft:rotten_flesh":10,"minecraft:tuff":9,"mekanismtools:diamond_paxel":29,"minecraft:obsidian":14,"ironfurnaces:iron_furnace":7,"minecraft:furnace":6,"mekanismtools:osmium_paxel":2660,"minecraft:blackstone":26,"minecraft:wooden_pickaxe":43,"minecraft:diamond_axe":5,"minecraft:glow_berries":36,"minecraft:crossbow":9,"thermal:flax_seeds":28,"minecraft:bread":35,"minecraft:melon_slice":9,"minerales_x:niggernium_sword":440,"minecraft:smithing_table":7,"immersive_aircraft:gyrodyne":3,"minecraft:andesite":10,"minerales_x:nexium_sword":8,"minecraft:bone_meal":22,"ironfurnaces:gold_furnace":3,"sophisticatedbackpacks:iron_backpack":1,"minecraft:flint_and_steel":1,"minerales_x:niggernium_axe":6,"minecraft:cooked_chicken":2,"minecraft:netherrack":15,"minecraft:torch":92,"minecraft:dirt":2,"ironfurnaces:diamond_furnace":10,"minecraft:wooden_axe":4,"psychadelic:peyoteslice":1,"alexscaves:spelunkery_table":1,"minecraft:basalt":26,"minecraft:netherite_pickaxe":1153,"minecraft:cooked_beef":3,"minecraft:acacia_planks":24,"minecraft:cobbled_deepslate":138,"minecraft:cherry_log":3,"minecraft:brown_bed":1,"minecraft:calcite":1,"minecraft:cooked_mutton":3,"psychadelic:san_pedro_stage_2":1,"minecraft:baked_potato":16,"foodexpansion:cooked_horse_meat":1,"minecraft:cherry_planks":28,"minecraft:spruce_sign":1,"minecraft:green_bed":2,"minecraft:warped_roots":1,"minecraft:polished_blackstone_bricks":13,"minecraft:crafting_table":21,"minecraft:white_bed":2,"minerales_x:pene":1,"mekanismtools:osmium_pickaxe":519,"minecraft:wooden_hoe":13,"minecraft:diamond_pickaxe":18,"minecraft:cherry_door":1,"minecraft:cracked_polished_blackstone_bricks":6,"minecraft:iron_pickaxe":253,"minecraft:spruce_trapdoor":1,"minecraft:pink_petals":2,"minecraft:cobblestone":282,"minecraft:potion":1,"minecraft:cooked_porkchop":4,"minecraft:pumpkin_pie":1,"alexsmobs:animal_dictionary":1}},"DataVersion":3465}