{"stats":{"minecraft:used":{"minecraft:stone_sword":10,"minecraft:diamond_boots":2,"minecraft:stone_pickaxe":4,"psychadelic:chemistrybook":1,"minecraft:dirt":1,"minecraft:crafting_table":2,"minecraft:enderman_spawn_egg":1,"sophisticatedbackpacks:backpack":1,"minecraft:bread":5,"minecraft:iron_helmet":1,"minecraft:iron_boots":2,"minecraft:bamboo":4,"minecraft:bow":1,"minecraft:oak_sapling":1,"alexsmobs:animal_dictionary":1},"minecraft:crafted":{"minecraft:cherry_planks":36,"minecraft:oak_planks":16,"minecraft:stone_shovel":2,"minecraft:crafting_table":2,"minecraft:iron_helmet":1,"minecraft:iron_sword":2,"minecraft:stone_axe":1,"minecraft:bread":54,"ars_nouveau:novice_spell_book":1,"minecraft:iron_boots":1,"minecraft:iron_chestplate":1,"minecraft:iron_axe":1,"minecraft:stick":88,"minecraft:iron_ingot":2,"minecraft:iron_pickaxe":2,"minecraft:stone_pickaxe":1,"minecraft:stone_sword":1,"minecraft:iron_shovel":2,"minecraft:iron_leggings":1,"minecraft:wheat":162},"minecraft:dropped":{"minecraft:stone_axe":1,"minecraft:wheat_seeds":2,"thermal:apatite":5,"minecraft:stone_sword":1,"minecraft:stone_shovel":1,"the_bumblezone:bee_stinger":1,"minecraft:stick":13,"botania:lexicon":1,"minecraft:diamond_chestplate":1,"psychadelic:salvialeaf":2,"minecraft:diamond_boots":1,"minecraft:stone_pickaxe":1},"minecraft:killed":{"productivebees:green_carpenter_bee":1,"minerales_x:among_us":1},"minecraft:picked_up":{"minecraft:oak_log":8,"minecraft:dirt":1,"minecraft:wheat_seeds":2,"minecraft:bamboo":4,"minecraft:oak_planks":1,"minecraft:stick":4,"psychadelic:salvialeaf":2,"the_bumblezone:bee_stinger":1,"thermal:apatite":5,"botania:light_gray_mystical_flower":3,"minecraft:oak_sapling":1,"minecraft:cobblestone":3},"minecraft:mined":{"biomesoplenty:desert_grass":1,"thermal:apatite_ore":1,"minecraft:grass_block":1,"psychadelic:salviaplant":1,"minecraft:tall_grass":3,"minecraft:spruce_leaves":2,"minecraft:oak_planks":1,"botania:light_gray_mystical_flower":3,"minecraft:pink_petals":5,"minecraft:grass":8,"minecraft:oak_log":8,"minecraft:bamboo":1,"minecraft:stone":3},"minecraft:killed_by":{"minecraft:player":1,"minecraft:skeleton":1},"minecraft:custom":{"minecraft:interact_with_smithing_table":1,"minecraft:interact_with_furnace":1,"minecraft:interact_with_anvil":1,"minecraft:mob_kills":2,"minecraft:interact_with_crafting_table":10,"minecraft:open_barrel":24,"minecraft:interact_with_loom":3,"minecraft:time_since_death":18785,"minecraft:climb_one_cm":2185,"minecraft:time_since_rest":18809,"minecraft:sprint_one_cm":70743,"minecraft:damage_taken":1058,"minecraft:walk_one_cm":52117,"minecraft:drop":30,"minecraft:damage_dealt":140,"minecraft:swim_one_cm":3344,"minecraft:fly_one_cm":182508,"minecraft:open_chest":8,"minecraft:crouch_one_cm":248,"minecraft:play_time":50704,"minecraft:deaths":3,"minecraft:sneak_time":164,"minecraft:walk_under_water_one_cm":1698,"minecraft:jump":1201,"minecraft:walk_on_water_one_cm":2066,"minecraft:total_world_time":50704,"minecraft:fall_one_cm":23556}},"DataVersion":3465}