{"stats":{"minecraft:killed":{"minecraft:sheep":1},"minecraft:mined":{"biomesoplenty:bush":2,"minecraft:grass":2,"minecraft:oak_log":1,"minecraft:sugar_cane":2},"minecraft:picked_up":{"minecraft:oak_log":1,"minecraft:gray_wool":1,"minecraft:sugar_cane":4,"minecraft:mutton":2},"minecraft:custom":{"minecraft:time_since_rest":16188,"minecraft:crouch_one_cm":112,"minecraft:play_time":16188,"minecraft:sprint_one_cm":10747,"minecraft:damage_taken":70,"minecraft:walk_one_cm":10570,"minecraft:sneak_time":171,"minecraft:walk_under_water_one_cm":4112,"minecraft:mob_kills":1,"minecraft:jump":98,"minecraft:damage_dealt":152,"minecraft:walk_on_water_one_cm":522,"minecraft:time_since_death":16188,"minecraft:total_world_time":16188,"minecraft:fall_one_cm":3360,"minecraft:fly_one_cm":219932},"minecraft:used":{"minecraft:oak_log":1,"alexscaves:tremorzilla_egg":1,"minecraft:fire_charge":1,"minecraft:sea_lantern":1,"alexsmobs:animal_dictionary":2,"alexscaves:nuclear_bomb":1,"minecraft:redstone_block":1,"minecraft:gravel":2}},"DataVersion":3465}