{"stats":{"minecraft:killed":{"minecraft:cow":1},"minecraft:dropped":{"minecraft:leather":2,"minecraft:beef":5},"minecraft:mined":{"minecraft:oak_leaves":2},"minecraft:killed_by":{"minecraft:zombie":1,"minecraft:player":1},"minecraft:custom":{"minecraft:time_since_rest":1027,"minecraft:crouch_one_cm":260,"minecraft:sprint_one_cm":23837,"minecraft:play_time":7097,"minecraft:walk_one_cm":14307,"minecraft:damage_taken":495,"minecraft:deaths":4,"minecraft:sneak_time":84,"minecraft:walk_under_water_one_cm":919,"minecraft:mob_kills":1,"minecraft:drop":7,"minecraft:jump":267,"minecraft:damage_dealt":30,"minecraft:leave_game":4,"minecraft:time_since_death":985,"minecraft:walk_on_water_one_cm":284,"minecraft:total_world_time":7097,"minecraft:swim_one_cm":3699,"minecraft:fall_one_cm":8426,"minecraft:fly_one_cm":86703},"minecraft:used":{"minecraft:peony":1},"minecraft:picked_up":{"minecraft:feather":2,"minecraft:leather":4,"minecraft:peony":1,"minecraft:beef":5}},"DataVersion":3465}