{"stats":{"minecraft:killed":{"minecraft:pig":1},"minecraft:dropped":{"minecraft:leather":32,"minecraft:porkchop":10,"minecraft:beef":101},"minecraft:mined":{"minecraft:oak_leaves":4},"minecraft:killed_by":{"minecraft:creeper":1},"minecraft:custom":{"minecraft:time_since_rest":959,"minecraft:crouch_one_cm":260,"minecraft:sprint_one_cm":17617,"minecraft:play_time":2753,"minecraft:walk_one_cm":18733,"minecraft:damage_taken":460,"minecraft:deaths":1,"minecraft:sneak_time":77,"minecraft:mob_kills":1,"minecraft:drop":5,"minecraft:jump":295,"minecraft:damage_dealt":231,"minecraft:leave_game":4,"minecraft:time_since_death":940,"minecraft:total_world_time":2753,"minecraft:fall_one_cm":12579,"minecraft:fly_one_cm":60326},"minecraft:used":{"minecraft:peony":1},"minecraft:picked_up":{"minecraft:leather":324,"minecraft:peony":1,"minecraft:beef":392,"minecraft:porkchop":80}},"DataVersion":3465}