{"stats":{"minecraft:dropped":{"minecraft:leather":1},"minecraft:mined":{"minecraft:oak_leaves":1},"minecraft:custom":{"minecraft:jump":39,"minecraft:time_since_rest":1237,"minecraft:crouch_one_cm":260,"minecraft:leave_game":4,"minecraft:play_time":1237,"minecraft:sprint_one_cm":2478,"minecraft:damage_taken":175,"minecraft:time_since_death":1237,"minecraft:walk_one_cm":4595,"minecraft:sneak_time":77,"minecraft:total_world_time":1237,"minecraft:fall_one_cm":1204,"minecraft:drop":1,"minecraft:fly_one_cm":8516},"minecraft:used":{"minecraft:peony":1},"minecraft:picked_up":{"minecraft:leather":1,"minecraft:peony":1}},"DataVersion":3465}