{"stats":{"minecraft:custom":{"minecraft:interact_with_crafting_table":237,"minecraft:open_barrel":769,"minecraft:bell_ring":33,"minecraft:eat_cake_slice":6,"minecraft:leave_game":18,"minecraft:time_since_death":384978,"minecraft:damage_blocked_by_shield":1735,"minecraft:play_time":1001535,"minecraft:deaths":10,"minecraft:jump":13522,"minecraft:interact_with_furnace":220,"minecraft:sleep_in_bed":55,"minecraft:waystone_activated":5,"minecraft:damage_dealt":26056,"minecraft:inspect_dispenser":2,"minecraft:interact_with_anvil":7,"minecraft:damage_dealt_absorbed":131,"minecraft:sneak_time":11978,"minecraft:total_world_time":1001535,"minecraft:time_since_rest":14003,"minecraft:swim_one_cm":45653,"minecraft:fly_one_cm":2244136,"minecraft:open_chest":255,"minecraft:fall_one_cm":410201,"minecraft:sprint_one_cm":1983459,"minecraft:drop":762,"minecraft:talked_to_villager":4,"minecraft:walk_on_water_one_cm":59451,"minecraft:interact_with_loom":3,"minecraft:player_kills":2,"minecraft:crouch_one_cm":30812,"minecraft:mob_kills":145,"minecraft:damage_dealt_resisted":131,"minecraft:climb_one_cm":18284,"minecraft:walk_one_cm":2197549,"minecraft:walk_under_water_one_cm":43315,"minecraft:boat_one_cm":605284,"minecraft:damage_taken":11406,"minecraft:trigger_trapped_chest":2},"minecraft:dropped":{"minecraft:iron_sword":4,"minecraft:lapis_lazuli":92,"minecraft:glow_ink_sac":16,"minecraft:cooked_beef":10,"botania:orange_mushroom":5,"botania:red_mystical_flower":3,"minecraft:crafting_table":2,"minecraft:diamond":5,"minecraft:cooked_porkchop":20,"minecraft:crossbow":1,"minecraft:glow_berries":16,"minecraft:saddle":1,"botania:mana_pearl":1,"psychadelic:manganesedioxide":2,"minecraft:sentry_armor_trim_smithing_template":1,"thermal:flax_seeds":1,"minecraft:emerald":12,"minecraft:dirt":1807,"alexsmobs:emu_feather":2,"minecraft:wooden_sword":2,"minecraft:bone_meal":6,"minecraft:iron_pickaxe":3,"thermal:peanut_seeds":8,"psychadelic:sodiumcarbonate":12,"minecraft:dark_oak_planks":6,"minecraft:white_wool":36,"botania:white_mystical_flower":5,"ars_nouveau:source_gem":3,"minecraft:bone":55,"thermal:raw_tin":15,"botania:purple_double_flower":2,"minecraft:stone_axe":1,"minecraft:goat_horn":3,"botania:lime_double_flower":1,"alexsmobs:animal_dictionary":2,"minecraft:cobbled_deepslate":94,"minecraft:wheat":26,"minecraft:obsidian":33,"minecraft:rotten_flesh":46,"minecraft:oak_planks":64,"minerales_x:pene":2,"thermal:strawberry_seeds":6,"minecraft:golden_shovel":1,"alexsmobs:emu_egg":4,"mekanism:raw_tin":37,"thermal:eggplant_seeds":8,"botania:black_mushroom":1,"minecraft:charcoal":6,"biomesoplenty:wildflower":3,"minecraft:ladder":1,"minecraft:acacia_sapling":19,"farmersdelight:rope":4,"minecraft:red_nether_bricks":2,"farmersdelight:tomato_seeds":74,"psychadelic:chemistrybook":4,"psychadelic:copper_oxide":17,"mekanism:fluorite_gem":13,"minecraft:enchanted_book":10,"minecraft:iron_ingot":95,"thermal:onion_seeds":23,"minecraft:wheat_seeds":126,"minecraft:tnt":2,"minecraft:smooth_quartz_stairs":1,"minecraft:golden_horse_armor":2,"foodexpansion:squid":5,"minerales_x:nexium":2,"botania:gray_mystical_flower":10,"minecraft:feather":2,"minecraft:cobblestone":270,"minecraft:iron_helmet":7,"minecraft:book":227,"minecraft:apple":19,"minecraft:sheep_spawn_egg":1,"minecraft:coal":67,"minecraft:coal_block":7,"minecraft:mushroom_stew":2,"minecraft:golden_apple":1,"ars_nouveau:bastion_pod":3,"botania:light_blue_mystical_flower":12,"minecraft:diamond_horse_armor":1,"minecraft:wooden_hoe":1,"minecraft:rose_bush":32,"minecraft:pumpkin":12,"thermal:radish_seeds":5,"minecraft:string":56,"minecraft:spruce_sapling":2,"minecraft:acacia_planks":37,"minecraft:furnace":2,"minecraft:zombie_spawn_egg":1,"minecraft:player_head":1,"alexsmobs:acacia_blossom":10,"thermal:apatite":133,"minecraft:stone_sword":4,"thermal:amaranth_seeds":1,"psychadelic:peyoteslice":16,"minecraft:experience_bottle":3,"minecraft:iron_boots":6,"sophisticatedbackpacks:backpack":1,"minecraft:name_tag":1,"minecraft:shears":1,"minecraft:pumpkin_seeds":24,"thermal:tomato_seeds":14,"minecraft:big_dripleaf":1,"minecraft:hay_block":72,"minecraft:potato":38,"minecraft:stone":61,"botania:green_double_flower":1,"minecraft:allium":28,"minecraft:peony":4,"minecraft:diamond_pickaxe":2,"botania:yellow_mushroom":2,"ars_nouveau:starbuncle_shards":1,"botania:orange_double_flower":1,"minecraft:stone_bricks":6,"easy_villagers:villager":1,"minecraft:spider_eye":1,"minecraft:bamboo":43,"biomesoplenty:bush":1,"farmersdelight:tomato":6,"minecraft:cyan_bed":5,"minecraft:vex_armor_trim_smithing_template":1,"minecraft:acacia_boat":1,"minecraft:dark_oak_stairs":1,"minecraft:oak_log":159,"minecraft:golden_pickaxe":1,"minecraft:ender_pearl":1,"botania:black_mystical_flower":7,"farmersdelight:rice":2,"minecraft:dark_oak_log":5,"minecraft:mutton":3,"botania:green_mystical_flower":4,"sophisticatedstorage:gold_barrel":1,"farmersdelight:onion":17,"minecraft:pumpkin_pie":2,"minecraft:amethyst_shard":63,"minerales_x:niggernium_sword":1,"thermal:green_bean_seeds":6,"minecraft:gravel":15,"thermal:spinach_seeds":1,"minecraft:pillager_spawn_egg":2,"minecraft:spyglass":1,"minecraft:mangrove_roots":45,"botania:brown_mystical_flower":1,"minerales_x:niggernium":4,"minecraft:cherry_sapling":26,"botania:purple_mystical_flower":8,"minecraft:carrot":49,"ars_nouveau:sourceberry_bush":6,"minecraft:poppy":176,"oreberriesreplanted:tin_oreberry_bush":6,"minecraft:mangrove_log":10,"thermal:cinnabar":3,"thermal:raw_silver":6,"minecraft:melon_seeds":4,"psychadelic:sodium_chloride":102,"minecraft:arrow":47,"minecraft:scaffolding":1,"minecraft:oak_leaves":1,"minecraft:water_bucket":3,"biomesoplenty:mahogany_log":32,"minecraft:stone_hoe":1,"minecraft:bread":200,"botania:yellow_mystical_flower":1,"minecraft:lilac":1,"botania:yellow_petal":1,"oreberriesreplanted:tin_oreberry":5,"productivebees:sugar_cane_nest":2,"botania:orange_mystical_flower":7,"minecraft:golden_axe":1,"minecraft:lead":1,"thermal:blitz_rod":2,"minecraft:acacia_log":64,"minecraft:grass_block":1,"minecraft:enderman_spawn_egg":1,"thermal:barley_seeds":3,"minecraft:stick":52,"minecraft:iron_block":21,"ars_nouveau:worn_notebook":2,"oreberriesreplanted:copper_oreberry_bush":5,"minecraft:brewing_stand":2,"minecraft:torch":193,"minecraft:repeater":21,"minecraft:melon_slice":314,"farmersdelight:organic_compost":8,"minecraft:iron_leggings":2,"mekanism:raw_lead":1,"mekanism:raw_osmium":57,"thermal:green_bean":2,"minecraft:cactus":6,"minecraft:bucket":1,"minecraft:pink_petals":128,"minecraft:tripwire_hook":3,"farmersdelight:rich_soil":4,"thermal:sulfur":44,"minecraft:dandelion":2,"minecraft:smooth_basalt":5,"minecraft:redstone":46,"alexsmobs:maggot":2,"minecraft:raw_copper":9,"botania:blue_mushroom":4,"minecraft:tuff":7,"botania:overgrowth_seed":1,"minecraft:skeleton_spawn_egg":3,"minecraft:cave_spider_spawn_egg":1,"botania:pink_mushroom":2,"thermal:sadiroot_seeds":9,"minecraft:filled_map":3,"minecraft:shield":2,"botania:cyan_mystical_flower":12,"minecraft:iron_chestplate":9,"oreberriesreplanted:aluminum_oreberry":4,"minecraft:andesite":74,"minecraft:oak_sapling":72,"oreberriesreplanted:copper_oreberry":9,"botania:pink_mystical_flower":7,"minecraft:stone_pickaxe":8,"minecraft:wooden_pickaxe":1,"oreberriesreplanted:aluminum_oreberry_bush":11,"minecraft:calcite":818,"thermal:niter":16,"botania:magenta_mystical_flower":5},"minecraft:picked_up":{"minecraft:iron_chestplate":7,"minerales_x:niggernium":4,"easy_villagers:breeder":1,"minecraft:anvil":1,"mekanism:raw_uranium":32,"minecraft:lead":1,"psychadelic:mushroom_block":1,"minecraft:enchanted_book":7,"minecraft:golden_shovel":1,"minecraft:brewing_stand":8,"botania:light_blue_mushroom":2,"minecraft:amethyst_block":9,"minecraft:string":60,"minecraft:red_nether_bricks":3,"sophisticatedstorage:diamond_barrel":2,"thermal:barley_seeds":29,"alexsmobs:emu_feather":4,"minecraft:cobbled_deepslate":146,"minecraft:melon_slice":515,"minecraft:coal_block":8,"minecraft:mangrove_log":20,"minecraft:big_dripleaf":1,"thermal:sadiroot_seeds":20,"minecraft:green_bed":6,"minecraft:acacia_log":149,"oreberriesreplanted:copper_oreberry":15,"easy_villagers:iron_farm":4,"minecraft:golden_axe":1,"minecraft:cherry_log":14,"mekanism:raw_tin":159,"alexsmobs:centipede_leg":2,"thermal:apatite":269,"minecraft:zombie_spawn_egg":2,"botania:white_mystical_flower":8,"easy_villagers:villager":1,"minecraft:orange_bed":4,"minecraft:stone_sword":4,"minecraft:honey_bottle":1,"botania:orange_double_flower":1,"minecraft:vex_armor_trim_smithing_template":1,"farmersdelight:onion":51,"ars_nouveau:worn_notebook":3,"minecraft:iron_block":2,"minecraft:carved_pumpkin":6,"farmersdelight:rope":14,"botania:livingwood_log":6,"thermal:radish_seeds":13,"minecraft:mangrove_door":2,"ars_nouveau:sourceberry_bush":6,"oreberriesreplanted:lead_oreberry_bush":1,"botania:cyan_mushroom":3,"minecraft:cave_spider_spawn_egg":1,"minecraft:magma_block":1,"minecraft:feather":2,"biomesoplenty:flowering_oak_leaves":16,"farmersdelight:rice":15,"minecraft:iron_door":2,"minecraft:water_bucket":2,"minecraft:jungle_wood":3,"minecraft:flint":27,"farmersdelight:tomato":8,"biomesoplenty:bush":1,"minecraft:chipped_anvil":1,"minecraft:stonecutter":1,"biomesoplenty:webbing":7,"minecraft:moss_block":10,"botania:red_mystical_flower":6,"minecraft:sheep_spawn_egg":1,"thermal:onion_seeds":29,"alexsmobs:animal_dictionary":3,"botania:orange_mushroom":5,"thermal:eggplant_seeds":18,"oreberriesreplanted:tin_oreberry":17,"minecraft:golden_horse_armor":2,"minecraft:bread":49,"alexsmobs:maggot":8,"minecraft:dark_oak_fence":1,"minecraft:diamond_pickaxe":2,"minecraft:crafting_table":29,"productivebees:slimy_nest":2,"minecraft:golden_pickaxe":2,"minecraft:leather_leggings":4,"minecraft:spider_spawn_egg":1,"botania:endoflame":1,"thermal:raw_nickel":14,"psychadelic:san_pedro_stage_2":5,"minecraft:beef":44,"thermal:niter":27,"minecraft:poppy":179,"minecraft:chest":10,"minecraft:piston":1,"psychadelic:sodiumcarbonate":48,"sophisticatedbackpacks:backpack":4,"farmersdelight:tomato_seeds":101,"botania:pink_mushroom":1,"minecraft:carrot":68,"minecraft:redstone":175,"minecraft:mangrove_trapdoor":1,"minecraft:tnt":4,"minecraft:stone_shovel":1,"minecraft:diamond_chestplate":1,"minecraft:peony":6,"ironfurnaces:gold_furnace":1,"minecraft:diamond_boots":1,"minecraft:hay_block":177,"minecraft:gold_ingot":22,"minecraft:glow_berries":26,"botania:green_mystical_flower":4,"minecraft:mutton":32,"minecraft:white_wool":47,"alexsmobs:kangaroo_meat":2,"minecraft:bone_block":1,"minecraft:oxeye_daisy":1,"minecraft:tripwire_hook":1,"mekanism:raw_lead":10,"alexsmobs:acacia_blossom":18,"minecraft:filled_map":4,"botania:light_gray_mushroom":1,"botania:green_double_flower":1,"minecraft:oak_log":579,"minecraft:lily_pad":140,"minecraft:jungle_button":1,"minecraft:white_banner":1,"farmersdelight:organic_compost":21,"minecraft:apple":43,"minecraft:stone_bricks":6,"minecraft:stone_pickaxe":6,"minecraft:iron_sword":4,"minecraft:dark_oak_stairs":1,"botania:purple_double_flower":2,"thermal:blitz_rod":4,"minecraft:smooth_basalt":5,"productivebees:sugar_cane_nest":8,"thermal:strawberry_seeds":13,"psychadelic:salvialeaf":12,"minecraft:spyglass":2,"minecraft:gravel":5,"minecraft:spruce_sapling":6,"botania:lime_mushroom":2,"minecraft:spruce_log":5,"psychadelic:coppercarbonate":3,"biomesoplenty:mahogany_log":175,"minecraft:stone_axe":2,"botania:orange_mystical_flower":14,"minecraft:gray_wool":1,"mekanismtools:osmium_pickaxe":2,"thermal:amaranth_seeds":11,"minecraft:melon_seeds":6,"botania:brown_mystical_flower":4,"minecraft:mangrove_propagule":6,"minecraft:ender_pearl":1,"sophisticatedstorage:iron_barrel":3,"minecraft:wheat":78,"minecraft:sentry_armor_trim_smithing_template":2,"botania:blue_mushroom":3,"botania:mana_pearl":1,"alexsmobs:gazelle_horn":1,"minecraft:raw_copper":69,"biomesoplenty:smooth_orange_sandstone":2,"minecraft:experience_bottle":3,"thermal:sulfur":138,"minecraft:bucket":6,"minecraft:rose_bush":33,"minecraft:calcite":1503,"minecraft:iron_pickaxe":4,"thermal:spinach_seeds":8,"minecraft:smooth_quartz_stairs":1,"farmersdelight:cabbage_seeds":5,"minecraft:iron_boots":4,"minecraft:furnace":17,"botania:lexicon":1,"minecraft:stick":205,"botania:yellow_petal":1,"thermal:raw_lead":15,"minecraft:torch":89,"botania:yellow_mystical_flower":4,"botania:black_mushroom":2,"minecraft:porkchop":13,"disenchanting:disenchanter":1,"thermal:flax_seeds":98,"minecraft:goat_horn":5,"minecraft:cactus":8,"minecraft:rotten_flesh":130,"thermal:corn_seeds":18,"botania:light_gray_mystical_flower":2,"biomesoplenty:mahogany_sapling":32,"foodexpansion:squid":26,"oreberriesreplanted:aluminum_oreberry_bush":16,"alexsmobs:emu_egg":12,"minecraft:mangrove_roots":90,"minecraft:obsidian":86,"psychadelic:copper_oxide":42,"minecraft:cobblestone":865,"minecraft:pink_petals":301,"minecraft:lilac":2,"minecraft:repeater":42,"minecraft:andesite":148,"minecraft:black_bed":2,"minecraft:potato":93,"minecraft:tuff":3,"psychadelic:copper_i_ichloridepulver":15,"minecraft:acacia_boat":9,"oreberriesreplanted:zinc_oreberry_bush":3,"alexsmobs:rocky_shell":1,"minecraft:lapis_lazuli":153,"minecraft:dirt":2552,"minecraft:name_tag":1,"minecraft:leather_boots":2,"minecraft:bone":90,"botania:cyan_mystical_flower":18,"psychadelic:sodium_chloride":162,"minecraft:acacia_planks":74,"minecraft:wheat_seeds":409,"botania:pink_mystical_flower":9,"minecraft:bell":3,"minecraft:raw_gold":93,"botania:purple_mystical_flower":8,"botania:gray_mushroom":1,"minerales_x:nexium":7,"minecraft:bamboo":125,"ironfurnaces:iron_furnace":2,"minecraft:stone_hoe":3,"minecraft:oak_planks":122,"botania:gray_mystical_flower":13,"thermal:raw_tin":49,"thermal:bell_pepper_seeds":20,"thermal:flax":34,"minecraft:cooked_porkchop":12,"botania:yellow_double_flower":2,"minecraft:enderman_spawn_egg":3,"minecraft:poisonous_potato":1,"oreberriesreplanted:copper_oreberry_bush":30,"minecraft:sand":121,"minecraft:grass_block":2,"minecraft:cyan_bed":6,"oreberriesreplanted:uranium_oreberry_bush":2,"minecraft:mossy_cobblestone":7,"minecraft:skeleton_spawn_egg":8,"minecraft:diamond":45,"waystones:waystone":3,"minecraft:crossbow":1,"minecraft:golden_apple":4,"oreberriesreplanted:aluminum_oreberry":12,"minecraft:emerald":43,"oreberriesreplanted:lead_oreberry":1,"minecraft:oak_sapling":248,"oreberriesreplanted:uranium_oreberry":5,"minecraft:netherrack":2,"minecraft:oak_leaves":33,"minecraft:charcoal":41,"minecraft:allium":82,"minecraft:azure_bluet":1,"botania:white_mushroom":1,"minecraft:ladder":1,"thermal:raw_silver":54,"thermal:cinnabar":6,"minecraft:gold_block":3,"minecraft:diamond_horse_armor":1,"minecraft:shield":3,"minecraft:moss_carpet":7,"minecraft:wooden_sword":3,"botania:magenta_mystical_flower":10,"minecraft:blackstone":58,"ars_nouveau:starbuncle_shards":3,"minecraft:player_head":1,"sophisticatedstorage:barrel":4,"biomesoplenty:wildflower":5,"minecraft:sugar_cane":45,"easy_villagers:incubator":7,"minecraft:raw_iron":71,"botania:lime_double_flower":1,"thermal:green_bean":8,"minecraft:dark_oak_planks":15,"sophisticatedstorage:gold_barrel":4,"thermal:peanut_seeds":18,"minecraft:arrow":74,"botania:lime_mystical_flower":7,"minecraft:pumpkin_pie":1,"productivebees:oak_wood_nest":1,"psychadelic:wet_cannabis_flower":25,"minecraft:saddle":1,"minecraft:glistering_melon_slice":4,"minerales_x:pene":3,"farmersdelight:rich_soil":6,"minecraft:glow_ink_sac":58,"biomesoplenty:goldenrod":1,"minecraft:leather":24,"immersive_aircraft:gyrodyne":1,"minecraft:wooden_hoe":3,"botania:light_blue_mystical_flower":24,"botania:black_mystical_flower":14,"botania:yellow_mushroom":2,"minecraft:cooked_mutton":1,"psychadelic:manganesedioxide":11,"mekanism:salt":168,"minecraft:gray_carpet":1,"minecraft:iron_ingot":114,"thermal:tomato_seeds":28,"minecraft:acacia_sapling":49,"minecraft:book":495,"minecraft:pillager_spawn_egg":2,"minecraft:scaffolding":141,"minecraft:pumpkin":29,"psychadelic:peyoteslice":11,"minecraft:dandelion":13,"ars_nouveau:bastion_pod":5,"minecraft:amethyst_shard":79,"productivebees:acacia_wood_nest":2,"thermal:green_bean_seeds":16,"oreberriesreplanted:zinc_oreberry":8,"mekanism:raw_osmium":92,"minecraft:spider_eye":2,"thermal:rice_seeds":11,"minecraft:pumpkin_seeds":46,"minecraft:honey_block":1,"minecraft:iron_helmet":4,"mekanism:fluorite_gem":67,"minecraft:cherry_sapling":52,"oreberriesreplanted:tin_oreberry_bush":18,"sophisticatedstorage:copper_barrel":4,"minecraft:black_wool":1,"psychadelic:chemistrybook":5,"minecraft:coal":209},"minecraft:mined":{"minecraft:dark_oak_planks":9,"minerales_x:nexium_ore":7,"botania:red_mystical_flower":3,"minecraft:cherry_log":46,"oreberriesreplanted:aluminum_oreberry_bush":5,"minecraft:jungle_leaves":19,"minecraft:red_nether_bricks":1,"thermal:tin_ore":3,"minecraft:carved_pumpkin":6,"minecraft:obsidian":30,"botania:livingwood_log":10,"botania:light_blue_mushroom":2,"minecraft:acacia_log":119,"productivebees:slimy_nest":2,"minecraft:coal_block":13,"minecraft:oxeye_daisy":1,"botania:light_gray_mystical_flower":2,"botania:cyan_mushroom":3,"minecraft:tall_seagrass":2,"minecraft:magma_block":1,"botania:purple_mystical_flower":4,"productivebees:acacia_wood_nest":1,"minecraft:cobbled_deepslate":2,"minecraft:fire":14,"minecraft:moss_carpet":1,"minecraft:pumpkin":17,"easy_villagers:breeder":1,"minecraft:deepslate_lapis_ore":10,"biomesoplenty:webbing":5,"botania:brown_mystical_flower":3,"minecraft:iron_block":2,"botania:light_blue_mystical_flower":12,"minecraft:player_head":1,"minecraft:tripwire":2,"minecraft:orange_bed":6,"botania:green_mystical_flower":2,"mekanism:osmium_ore":5,"psychadelic:coppercarbonateore":3,"minecraft:amethyst_cluster":7,"oreberriesreplanted:tin_oreberry_bush":3,"mekanism:block_salt":42,"ironfurnaces:iron_furnace":2,"minecraft:torch":1,"minecraft:melon":31,"botania:purple_double_flower":1,"minecraft:dead_bush":2,"mekanism:tin_ore":6,"farmersdelight:cabbages":2,"botania:endoflame":1,"minecraft:cyan_bed":3,"minecraft:sugar_cane":8,"botania:black_mystical_flower":7,"minecraft:amethyst_block":9,"minecraft:repeater":4,"minecraft:jungle_wood":3,"minecraft:wheat":41,"minecraft:lilac":2,"minecraft:jukebox":1,"minecraft:black_bed":1,"minecraft:grass":1074,"minecraft:mangrove_log":10,"minecraft:smooth_basalt":5,"minecraft:stonecutter":1,"minecraft:piston":1,"minecraft:deepslate":77,"thermal:deepslate_apatite_ore":10,"botania:orange_double_flower":1,"minecraft:mossy_cobblestone":5,"farmersdelight:wild_carrots":15,"minecraft:cherry_sapling":2,"biomesoplenty:desert_grass":35,"minecraft:dark_oak_fence":1,"minecraft:allium":4,"psychadelic:copper_i_ichloride":8,"psychadelic:oil":4,"thermal:deepslate_nickel_ore":7,"biomesoplenty:dune_grass":31,"farmersdelight:wild_onions":21,"minecraft:black_stained_glass_pane":2,"minecraft:redstone_ore":5,"botania:magenta_mystical_flower":5,"minecraft:andesite":132,"minecraft:potatoes":18,"botania:yellow_mushroom":1,"minecraft:smooth_quartz_stairs":1,"minecraft:bamboo":6,"minecraft:bone_block":1,"botania:lime_mystical_flower":7,"botania:lime_mushroom":2,"minecraft:dandelion":9,"minecraft:campfire":4,"minecraft:tall_grass":275,"minecraft:copper_ore":6,"minecraft:deepslate_gold_ore":63,"farmersdelight:wild_tomatoes":25,"easy_villagers:incubator":7,"sophisticatedstorage:barrel":4,"psychadelic:sodium_chlorideore":29,"productivebees:oak_wood_nest":1,"minecraft:spruce_log":5,"sophisticatedstorage:diamond_barrel":2,"thermal:silver_ore":7,"botania:white_mystical_flower":4,"psychadelic:sodiumcarbonateore":12,"minecraft:gravel":6,"mekanism:deepslate_fluorite_ore":9,"biomesoplenty:stringy_cobweb":1,"botania:gray_mystical_flower":10,"minecraft:cobweb":8,"mekanism:deepslate_uranium_ore":32,"minecraft:acacia_planks":7,"minecraft:gold_ore":13,"minecraft:chipped_anvil":1,"thermal:deepslate_sulfur_ore":6,"minecraft:fern":7,"thermal:deepslate_tin_ore":8,"minecraft:large_amethyst_bud":1,"oreberriesreplanted:zinc_oreberry_bush":3,"farmersdelight:rich_soil":2,"minecraft:oak_sapling":14,"thermal:sulfur_ore":6,"minecraft:sculk_vein":4,"minecraft:brewing_stand":2,"botania:black_mushroom":1,"minecraft:budding_amethyst":1,"minecraft:grass_block":829,"biomesoplenty:flowering_oak_leaves":16,"psychadelic:magic_mushroomplant":1,"ars_nouveau:bastion_pod":1,"ironfurnaces:gold_furnace":1,"farmersdelight:wild_rice":8,"minecraft:iron_ore":21,"botania:lime_double_flower":1,"minecraft:anvil":1,"minecraft:azure_bluet":1,"minecraft:dark_oak_stairs":1,"minecraft:red_tulip":1,"sophisticatedstorage:gold_barrel":1,"minecraft:green_bed":7,"minecraft:deepslate_redstone_ore":11,"botania:orange_mystical_flower":7,"farmersdelight:organic_compost":13,"minecraft:blackstone":19,"biomesoplenty:wildflower":3,"thermal:lead_ore":5,"botania:green_double_flower":1,"minecraft:calcite":855,"minecraft:poppy":1,"minecraft:chest":7,"sophisticatedstorage:copper_barrel":4,"minecraft:cobblestone":20,"minecraft:iron_door":2,"minecraft:wall_torch":5,"biomesoplenty:goldenrod":1,"minecraft:deepslate_copper_ore":6,"minecraft:pink_petals":3,"psychadelic:weedplant":5,"minecraft:tnt":3,"mekanism:deepslate_tin_ore":26,"botania:gray_mushroom":1,"minecraft:oak_log":451,"minecraft:sand":68,"minecraft:dirt":1489,"minecraft:netherrack":2,"minecraft:oak_leaves":50,"minecraft:tuff":1,"disenchanting:disenchanter":1,"minecraft:deepslate_diamond_ore":39,"minecraft:mangrove_roots":45,"mekanism:deepslate_osmium_ore":30,"psychadelic:copper_oxide_ore":8,"minecraft:ladder":3,"biomesoplenty:bush":6,"oreberriesreplanted:uranium_oreberry_bush":2,"botania:orange_mushroom":1,"minecraft:mangrove_trapdoor":1,"minecraft:spruce_leaves":8,"minecraft:hay_block":106,"alexscaves:subterranodon_egg":1,"easy_villagers:iron_farm":4,"minecraft:furnace":10,"psychadelic:manganesedioxideore":5,"botania:white_mushroom":1,"minecraft:peony":1,"minecraft:gold_block":2,"minecraft:bell":2,"minecraft:bookshelf":58,"oreberriesreplanted:copper_oreberry_bush":11,"farmersdelight:rope":1,"minecraft:deepslate_iron_ore":50,"botania:livingrock":3,"productivebees:sugar_cane_nest":1,"sophisticatedstorage:iron_barrel":3,"minecraft:stone":376,"sophisticatedbackpacks:backpack":1,"mekanism:deepslate_lead_ore":8,"minecraft:acacia_leaves":7,"minecraft:scaffolding":111,"psychadelic:san_pedro_plant":3,"thermal:apatite_ore":4,"minecraft:crafting_table":25,"botania:yellow_double_flower":2,"minecraft:honey_block":1,"psychadelic:salviaplant":6,"minecraft:rose_bush":1,"biomesoplenty:sprout":16,"minecraft:sculk":2,"botania:pink_mystical_flower":7,"botania:cyan_mystical_flower":9,"biomesoplenty:mahogany_log":175,"thermal:deepslate_silver_ore":6,"minecraft:white_wall_banner":1,"botania:yellow_mystical_flower":1,"minecraft:coal_ore":82,"minecraft:gray_carpet":1,"thermal:deepslate_niter_ore":1,"minecraft:small_dripleaf":1},"minecraft:broken":{"minecraft:stone_sword":1,"minecraft:iron_axe":3,"minecraft:iron_pickaxe":1,"minecraft:leather_leggings":2,"minecraft:golden_leggings":1,"minecraft:stone_axe":2,"minecraft:wooden_axe":1,"minecraft:leather_boots":1},"minecraft:killed_by":{"minecraft:zombie":1,"minecraft:creeper":1,"minecraft:player":2,"thermal:blitz":1,"minecraft:skeleton":2},"minecraft:killed":{"minecraft:cave_spider":1,"minecraft:skeleton":26,"alexsmobs:centipede_head":1,"thermal:blitz":1,"minecraft:iron_golem":1,"minecraft:pillager":16,"minecraft:zombie":35,"alexsmobs:roadrunner":1,"minecraft:cow":17,"minecraft:vindicator":1,"alexsmobs:rocky_roller":1,"minecraft:husk":3,"minecraft:enderman":2,"minecraft:spider":6,"minecraft:pig":6,"minecraft:creeper":4,"minecraft:sheep":18,"ars_nouveau:wilden_stalker":1,"minerales_x:among_us":1},"minecraft:crafted":{"mekanism:ingot_osmium":0,"ironfurnaces:iron_furnace":4,"easy_villagers:incubator":4,"sophisticatedstorage:stack_upgrade_tier_1":5,"sophisticatedstorage:gold_to_diamond_tier_upgrade":1,"minecraft:cooked_mutton":3,"minecraft:glass":3,"easy_villagers:trader":1,"minecraft:glass_bottle":24,"sophisticatedstorage:copper_barrel":6,"minecraft:cooked_porkchop":12,"minecraft:copper_ingot":2,"minecraft:campfire":2,"psychadelic:peyoteslice":24,"minecraft:iron_pickaxe":3,"minecraft:iron_block":248,"minecraft:gold_ingot":74,"sophisticatedstorage:diamond_barrel":3,"minecraft:spyglass":1,"sophisticatedbackpacks:stack_upgrade_tier_1":1,"easy_villagers:iron_farm":6,"minecraft:bone_meal":6,"buildinggadgets2:gadget_building":1,"minecraft:cherry_trapdoor":2,"sophisticatedstorage:upgrade_base":5,"minecraft:stone_pickaxe":7,"minecraft:wheat":774,"simplemagnets:basicmagnet":1,"psychadelic:chemistrybook":1,"minecraft:enchanting_table":1,"botania:mana_spreader":1,"sophisticatedbackpacks:gold_backpack":1,"minecraft:wooden_axe":1,"productivebees:bee_cage":16,"minecraft:iron_leggings":3,"minecraft:white_bed":2,"minecraft:oak_planks":184,"minecraft:barrel":9,"minecraft:cherry_slab":12,"sophisticatedstorage:barrel":13,"minecraft:stone":67,"minecraft:iron_boots":2,"minecraft:chest":4,"sophisticatedstorage:gold_barrel":6,"minecraft:oak_slab":18,"sophisticatedbackpacks:backpack":1,"minecraft:crafting_table":6,"minecraft:spruce_planks":20,"minecraft:iron_helmet":3,"minecraft:wooden_pickaxe":1,"minecraft:baked_potato":0,"minecraft:gold_block":1,"foodexpansion:cooked_squid":1,"minecraft:iron_chestplate":4,"minecraft:charcoal":10,"minecraft:diamond_pickaxe":1,"minecraft:shield":3,"sophisticatedbackpacks:diamond_backpack":1,"minecraft:stick":108,"minecraft:iron_ingot":421,"minecraft:stone_sword":3,"disenchanting:disenchanter":1,"minecraft:redstone_torch":16,"minecraft:shears":2,"buildinggadgets2:gadget_exchanging":1,"minecraft:cherry_planks":56,"minecraft:wooden_sword":1,"toolbelt:belt":1,"ironfurnaces:gold_furnace":1,"minecraft:furnace":6,"minecraft:glass_pane":80,"minecraft:flint_and_steel":1,"minecraft:scaffolding":60,"minecraft:iron_axe":4,"minecraft:honey_block":3,"sophisticatedstorage:iron_barrel":9,"sophisticatedbackpacks:iron_backpack":1,"minecraft:cooked_beef":19,"mekanism:metallurgic_infuser":1,"minecraft:iron_sword":1,"minecraft:bucket":3,"minecraft:stone_axe":3,"minecraft:bread":270,"minecraft:acacia_boat":3,"minecraft:air":0,"easy_villagers:breeder":2,"minecraft:anvil":3,"minecraft:acacia_planks":60,"sophisticatedstorage:stack_upgrade_tier_2":5,"minecraft:torch":312},"minecraft:used":{"alexsmobs:emu_egg":8,"minecraft:peony":2,"farmersdelight:cabbage_seeds":5,"minecraft:chest":7,"botania:orange_mushroom":1,"minecraft:rotten_flesh":3,"botania:light_gray_mushroom":1,"minecraft:honey_block":1,"easy_villagers:iron_farm":10,"ironfurnaces:iron_furnace":5,"minecraft:furnace":8,"minecraft:oak_sapling":10,"minecraft:potato":6,"botania:yellow_mushroom":1,"minecraft:blackstone":11,"minecraft:wooden_pickaxe":1,"minecraft:golden_apple":1,"minecraft:glow_berries":1,"botania:light_blue_mushroom":2,"botania:yellow_double_flower":1,"sophisticatedstorage:gold_to_diamond_tier_upgrade":1,"minecraft:lilac":1,"minecraft:coal_block":1,"minecraft:wooden_sword":16,"minecraft:dark_oak_fence":1,"sophisticatedstorage:diamond_barrel":4,"ironfurnaces:gold_furnace":2,"botania:white_mushroom":1,"minecraft:stone_sword":137,"minecraft:acacia_log":4,"minecraft:orange_bed":3,"minecraft:torch":199,"minecraft:anvil":2,"sophisticatedstorage:iron_barrel":3,"minecraft:chipped_anvil":1,"minecraft:iron_block":13,"minecraft:iron_axe":772,"sophisticatedstorage:copper_barrel":4,"minecraft:smooth_basalt":3,"minecraft:bamboo":16,"minecraft:diamond_chestplate":2,"minecraft:goat_horn":3,"botania:lime_mushroom":1,"farmersdelight:tomato_seeds":3,"minecraft:acacia_planks":14,"minecraft:cobbled_deepslate":14,"minecraft:cherry_log":2,"minecraft:golden_axe":24,"minecraft:calcite":161,"minecraft:wheat_seeds":37,"minecraft:water_bucket":14,"botania:endoflame":1,"botania:mana_spreader":1,"minecraft:leather_boots":2,"minecraft:mossy_cobblestone":2,"minecraft:crafting_table":24,"disenchanting:disenchanter":2,"minecraft:campfire":2,"minerales_x:pene":1,"minecraft:cake":1,"mekanismtools:osmium_pickaxe":383,"minecraft:oak_log":20,"minecraft:diamond_pickaxe":1398,"minecraft:cornflower":1,"minecraft:iron_pickaxe":458,"sophisticatedstorage:barrel":8,"minecraft:cobblestone":44,"minecraft:cooked_porkchop":4,"productivebees:acacia_wood_nest":2,"minecraft:cherry_sapling":13,"minecraft:moss_carpet":7,"easy_villagers:breeder":3,"minecraft:bone_block":1,"minecraft:shield":85,"minecraft:iron_sword":157,"minecraft:bell":1,"minecraft:iron_chestplate":2,"minecraft:carrot":5,"minecraft:tuff":1,"minecraft:obsidian":11,"minecraft:glass":1,"minecraft:iron_helmet":4,"minecraft:magma_block":1,"productivebees:sturdy_bee_cage":6,"minecraft:scaffolding":155,"minecraft:jungle_button":1,"minecraft:diamond_boots":1,"minecraft:stone_pickaxe":68,"minecraft:oak_planks":3,"biomesoplenty:webbing":7,"psychadelic:chemistrybook":1,"botania:cyan_mushroom":3,"farmersdelight:organic_compost":13,"biomesoplenty:goldenrod":7,"minecraft:mushroom_stew":1,"minecraft:black_bed":1,"minecraft:shears":54,"thermal:flax_seeds":5,"waystones:waystone":3,"sophisticatedbackpacks:backpack":4,"easy_villagers:villager":4,"minecraft:cyan_bed":1,"minecraft:melon_slice":69,"minecraft:bread":148,"minecraft:string":2,"mekanism:metallurgic_infuser":1,"minecraft:iron_door":2,"minecraft:gravel":1,"minecraft:andesite":5,"immersive_aircraft:gyrodyne":1,"minerales_x:nexium_sword":160,"minecraft:experience_bottle":3,"minecraft:rose_bush":1,"minecraft:flint_and_steel":5,"minecraft:stone_hoe":10,"minecraft:dirt":700,"minecraft:spyglass":3,"ars_nouveau:bastion_pod":2,"farmersdelight:rope":1,"minecraft:wooden_axe":54,"minecraft:dark_oak_planks":3,"psychadelic:peyoteslice":11,"minecraft:cherry_trapdoor":2,"easy_villagers:incubator":9,"minecraft:cooked_beef":29,"minecraft:pumpkin":6,"botania:gray_mushroom":1,"minecraft:cooked_mutton":6,"minecraft:acacia_boat":6,"minecraft:amethyst_block":9,"minecraft:glass_bottle":26,"minecraft:baked_potato":4,"minecraft:green_bed":6,"minecraft:mangrove_trapdoor":1,"minecraft:piston":1,"minecraft:wooden_hoe":1,"sophisticatedstorage:gold_barrel":6,"minecraft:black_wool":1,"minecraft:apple":1,"thermal:green_bean_seeds":1,"minecraft:golden_leggings":1,"thermal:bell_pepper_seeds":1,"minecraft:stone_axe":304,"minecraft:pink_petals":45,"minecraft:bucket":22,"minecraft:pumpkin_pie":3}},"DataVersion":3465}