{"stats":{"minecraft:killed":{"minecraft:zombie":2,"thermal:blitz":1,"minecraft:cow":2},"minecraft:crafted":{"minecraft:wooden_sword":1,"minecraft:wooden_pickaxe":1,"minecraft:bread":56,"minecraft:stick":4,"minecraft:wooden_axe":1,"minecraft:acacia_planks":12,"minecraft:wheat":144},"minecraft:mined":{"minecraft:acacia_leaves":4,"biomesoplenty:desert_grass":1,"minecraft:brewing_stand":1,"minecraft:crafting_table":1,"minecraft:acacia_log":27,"minecraft:grass_block":1,"minecraft:melon":10,"minecraft:chest":1,"minecraft:tall_grass":5,"minecraft:spruce_leaves":7,"botania:light_gray_mystical_flower":2,"minecraft:hay_block":16,"productivebees:acacia_wood_nest":1,"minecraft:wheat":31,"minecraft:fire":1,"minecraft:spruce_log":4,"minecraft:grass":20,"minecraft:oak_log":7,"minecraft:dirt":3,"botania:brown_mystical_flower":2,"minecraft:oak_leaves":2,"minecraft:orange_bed":2},"minecraft:dropped":{"minecraft:bread":37,"thermal:blitz_rod":1,"minecraft:oak_planks":18,"minecraft:dirt":4,"minecraft:wooden_sword":1},"minecraft:used":{"minecraft:wheat_seeds":30,"minecraft:chest":1,"minecraft:wooden_pickaxe":1,"minecraft:rotten_flesh":3,"minecraft:dirt":3,"minecraft:oak_log":3,"minecraft:wooden_axe":54,"minecraft:bread":3,"minecraft:wooden_sword":4,"minecraft:oak_sapling":1,"productivebees:acacia_wood_nest":1},"minecraft:custom":{"minecraft:mob_kills":6,"minecraft:interact_with_crafting_table":3,"minecraft:time_since_death":29071,"minecraft:time_since_rest":29099,"minecraft:sprint_one_cm":75183,"minecraft:damage_taken":1068,"minecraft:walk_one_cm":82402,"minecraft:drop":29,"minecraft:damage_dealt":1127,"minecraft:fly_one_cm":80393,"minecraft:open_chest":4,"minecraft:crouch_one_cm":805,"minecraft:play_time":40490,"minecraft:deaths":4,"minecraft:sneak_time":383,"minecraft:jump":488,"minecraft:total_world_time":40490,"minecraft:fall_one_cm":15884},"minecraft:picked_up":{"minecraft:crafting_table":1,"minecraft:wheat":24,"minecraft:leather":2,"alexsmobs:acacia_blossom":4,"minecraft:oak_log":7,"minecraft:brewing_stand":1,"alexsmobs:gazelle_horn":1,"minecraft:dirt":7,"minecraft:wooden_sword":1,"minecraft:bone":1,"minecraft:wheat_seeds":98,"minecraft:bucket":2,"minecraft:beef":3,"minecraft:melon_slice":44,"minecraft:chest":1,"minecraft:oak_planks":36,"minecraft:acacia_sapling":9,"farmersdelight:cabbage_seeds":3,"minecraft:stick":5,"thermal:blitz_rod":2,"minecraft:torch":2,"minecraft:acacia_log":26,"farmersdelight:tomato_seeds":3,"minecraft:spruce_sapling":2,"productivebees:acacia_wood_nest":2,"minecraft:spruce_log":4,"thermal:green_bean_seeds":1,"alexsmobs:animal_dictionary":1,"minecraft:orange_bed":1,"minecraft:arrow":3,"minecraft:rotten_flesh":3,"thermal:corn_seeds":2,"botania:light_gray_mystical_flower":2,"ars_nouveau:worn_notebook":1,"minecraft:hay_block":16,"minecraft:bread":1,"minecraft:mutton":1,"alexsmobs:maggot":2,"minecraft:oak_sapling":1,"minecraft:melon_seeds":2,"psychadelic:chemistrybook":1,"botania:brown_mystical_flower":2,"alexsmobs:kangaroo_meat":2},"minecraft:broken":{"minecraft:wooden_axe":1},"minecraft:killed_by":{"minecraft:player":1,"minecraft:skeleton":1,"minecraft:zombie":1,"thermal:blitz":1}},"DataVersion":3465}