{"stats":{"minecraft:used":{"farmersdelight:cabbage_seeds":5,"minecraft:chest":3,"minecraft:shield":52,"minecraft:bell":1,"minecraft:rotten_flesh":3,"minecraft:iron_chestplate":1,"minecraft:iron_helmet":1,"minecraft:furnace":6,"minecraft:oak_sapling":1,"minecraft:stone_pickaxe":68,"minecraft:wooden_pickaxe":1,"minecraft:golden_apple":1,"minecraft:mushroom_stew":1,"minecraft:black_bed":1,"minecraft:cyan_bed":1,"minecraft:bread":28,"minecraft:melon_slice":14,"minecraft:gravel":1,"minecraft:lilac":1,"minecraft:coal_block":1,"minecraft:wooden_sword":12,"minecraft:rose_bush":1,"minecraft:stone_sword":117,"minecraft:acacia_log":4,"minecraft:stone_hoe":10,"minecraft:orange_bed":1,"minecraft:torch":16,"minecraft:dirt":6,"minecraft:spyglass":3,"ars_nouveau:bastion_pod":2,"minecraft:wooden_axe":54,"minecraft:dark_oak_planks":2,"minecraft:goat_horn":3,"minecraft:cooked_beef":1,"minecraft:acacia_planks":11,"farmersdelight:tomato_seeds":3,"minecraft:cobbled_deepslate":12,"minecraft:calcite":2,"minecraft:wheat_seeds":37,"minecraft:acacia_boat":1,"minecraft:amethyst_block":9,"minecraft:leather_boots":2,"minecraft:mangrove_trapdoor":1,"minecraft:crafting_table":7,"minecraft:cake":1,"minecraft:oak_log":3,"minecraft:wooden_hoe":1,"minecraft:iron_pickaxe":204,"thermal:green_bean_seeds":1,"thermal:bell_pepper_seeds":1,"minecraft:stone_axe":108,"minecraft:cobblestone":19,"minecraft:pumpkin_pie":1,"productivebees:acacia_wood_nest":2},"minecraft:mined":{"minecraft:dark_oak_planks":8,"minecraft:large_amethyst_bud":1,"minecraft:red_nether_bricks":1,"thermal:tin_ore":3,"minecraft:brewing_stand":2,"minecraft:budding_amethyst":1,"minecraft:acacia_log":35,"minecraft:grass_block":5,"ars_nouveau:bastion_pod":1,"minecraft:coal_block":13,"botania:light_gray_mystical_flower":2,"minecraft:tall_seagrass":1,"productivebees:acacia_wood_nest":1,"farmersdelight:wild_rice":1,"minecraft:iron_ore":11,"minecraft:cobbled_deepslate":2,"minecraft:fire":3,"minecraft:dark_oak_stairs":1,"minecraft:red_tulip":1,"botania:brown_mystical_flower":2,"minecraft:player_head":1,"minecraft:orange_bed":4,"minecraft:deepslate_redstone_ore":1,"botania:orange_mystical_flower":1,"mekanism:osmium_ore":5,"biomesoplenty:wildflower":1,"minecraft:amethyst_cluster":7,"oreberriesreplanted:tin_oreberry_bush":3,"minecraft:calcite":8,"minecraft:melon":10,"minecraft:chest":1,"minecraft:dead_bush":1,"mekanism:tin_ore":6,"farmersdelight:cabbages":2,"minecraft:cobblestone":14,"minecraft:cyan_bed":3,"minecraft:sugar_cane":7,"minecraft:wall_torch":4,"minecraft:amethyst_block":9,"minecraft:wheat":41,"minecraft:lilac":1,"minecraft:jukebox":1,"minecraft:black_bed":1,"minecraft:grass":29,"mekanism:deepslate_tin_ore":15,"minecraft:oak_log":7,"minecraft:dirt":9,"minecraft:smooth_basalt":2,"minecraft:netherrack":2,"minecraft:oak_leaves":2,"minecraft:deepslate":12,"minecraft:tuff":1,"botania:orange_double_flower":1,"biomesoplenty:desert_grass":1,"mekanism:deepslate_osmium_ore":18,"psychadelic:copper_oxide_ore":8,"minecraft:ladder":3,"biomesoplenty:bush":1,"psychadelic:oil":4,"minecraft:mangrove_trapdoor":1,"minecraft:spruce_leaves":8,"biomesoplenty:dune_grass":1,"minecraft:hay_block":18,"minecraft:redstone_ore":5,"minecraft:furnace":6,"minecraft:peony":1,"minecraft:gold_block":1,"minecraft:bell":1,"minecraft:bookshelf":34,"oreberriesreplanted:copper_oreberry_bush":4,"minecraft:deepslate_iron_ore":4,"productivebees:sugar_cane_nest":1,"minecraft:smooth_quartz_stairs":1,"minecraft:stone":28,"minecraft:acacia_leaves":4,"psychadelic:san_pedro_plant":1,"minecraft:crafting_table":8,"minecraft:rose_bush":1,"minecraft:campfire":4,"minecraft:tall_grass":5,"minecraft:deepslate_gold_ore":2,"farmersdelight:wild_tomatoes":15,"psychadelic:sodium_chlorideore":2,"minecraft:spruce_log":5,"minecraft:white_wall_banner":1,"thermal:silver_ore":3,"minecraft:coal_ore":9,"psychadelic:sodiumcarbonateore":12,"minecraft:gravel":1,"mekanism:deepslate_fluorite_ore":4,"minecraft:gray_carpet":1,"thermal:deepslate_niter_ore":1,"minecraft:acacia_planks":4,"minecraft:small_dripleaf":1,"minecraft:gold_ore":4,"thermal:deepslate_sulfur_ore":6},"minecraft:dropped":{"minecraft:acacia_boat":1,"minecraft:dark_oak_stairs":1,"minecraft:crossbow":1,"minecraft:dirt":5,"minecraft:pumpkin_pie":2,"minecraft:wooden_sword":1,"alexsmobs:emu_feather":2,"minecraft:amethyst_shard":27,"minecraft:iron_pickaxe":2,"minecraft:dark_oak_planks":6,"minecraft:bone":2,"minecraft:gravel":15,"minecraft:stone_axe":1,"minecraft:pillager_spawn_egg":2,"minecraft:cobbled_deepslate":28,"minecraft:rotten_flesh":12,"minecraft:oak_planks":26,"minecraft:charcoal":6,"biomesoplenty:wildflower":1,"minecraft:red_nether_bricks":2,"minecraft:arrow":2,"farmersdelight:tomato_seeds":6,"minecraft:iron_ingot":1,"minecraft:bread":73,"thermal:onion_seeds":3,"minecraft:wheat_seeds":22,"minecraft:smooth_quartz_stairs":1,"botania:orange_mystical_flower":1,"minecraft:cobblestone":13,"thermal:blitz_rod":1,"minecraft:coal_block":7,"ars_nouveau:bastion_pod":3,"minecraft:mushroom_stew":2,"minecraft:torch":28,"thermal:green_bean":2,"minecraft:smooth_basalt":5,"minecraft:player_head":1,"minecraft:stone_sword":4,"minecraft:tuff":7,"minecraft:shield":1,"minecraft:iron_chestplate":2,"botania:orange_double_flower":1,"oreberriesreplanted:copper_oreberry":9,"minecraft:stone_pickaxe":7,"minecraft:wooden_pickaxe":1,"minecraft:calcite":3,"oreberriesreplanted:aluminum_oreberry_bush":1,"minecraft:cyan_bed":5},"minecraft:picked_up":{"minecraft:iron_chestplate":2,"minecraft:wheat":33,"minecraft:brewing_stand":4,"minecraft:amethyst_block":9,"alexsmobs:gazelle_horn":1,"minecraft:red_nether_bricks":3,"thermal:barley_seeds":2,"thermal:sulfur":26,"alexsmobs:emu_feather":2,"minecraft:cobbled_deepslate":14,"minecraft:bucket":4,"minecraft:rose_bush":1,"minecraft:calcite":6,"minecraft:iron_pickaxe":2,"minecraft:melon_slice":118,"minecraft:coal_block":8,"minecraft:smooth_quartz_stairs":1,"farmersdelight:cabbage_seeds":5,"minecraft:furnace":8,"minecraft:stick":12,"minecraft:acacia_log":34,"minecraft:torch":44,"oreberriesreplanted:copper_oreberry":9,"mekanism:raw_tin":21,"minecraft:zombie_spawn_egg":1,"minecraft:orange_bed":2,"minecraft:stone_sword":3,"minecraft:rotten_flesh":35,"botania:orange_double_flower":1,"thermal:corn_seeds":2,"botania:light_gray_mystical_flower":2,"ars_nouveau:worn_notebook":1,"oreberriesreplanted:aluminum_oreberry_bush":2,"minecraft:obsidian":3,"psychadelic:copper_oxide":8,"minecraft:cobblestone":113,"minecraft:lilac":1,"farmersdelight:rice":1,"minecraft:black_bed":2,"minecraft:potato":1,"minecraft:tuff":2,"minecraft:acacia_boat":1,"farmersdelight:tomato":1,"minecraft:dirt":12,"minecraft:leather_boots":2,"minecraft:bone":10,"psychadelic:sodium_chloride":2,"minecraft:acacia_planks":53,"minecraft:wheat_seeds":178,"minecraft:raw_gold":6,"minecraft:bell":1,"minecraft:oak_planks":66,"minecraft:stone_hoe":2,"thermal:raw_tin":5,"thermal:bell_pepper_seeds":1,"oreberriesreplanted:copper_oreberry_bush":5,"minecraft:grass_block":1,"minecraft:cyan_bed":6,"thermal:onion_seeds":6,"alexsmobs:animal_dictionary":1,"minecraft:skeleton_spawn_egg":2,"minecraft:crossbow":1,"minecraft:golden_apple":3,"minecraft:emerald":9,"minecraft:bread":44,"alexsmobs:maggot":2,"minecraft:oak_sapling":1,"minecraft:netherrack":2,"minecraft:charcoal":41,"minecraft:crafting_table":7,"thermal:raw_silver":6,"minecraft:leather_leggings":3,"minecraft:golden_pickaxe":1,"minecraft:gold_block":2,"minecraft:shield":1,"minecraft:wooden_sword":3,"psychadelic:san_pedro_stage_2":3,"minecraft:beef":6,"thermal:niter":3,"minecraft:player_head":1,"minecraft:poppy":2,"minecraft:sugar_cane":12,"biomesoplenty:wildflower":1,"minecraft:chest":1,"minecraft:raw_iron":15,"psychadelic:sodiumcarbonate":12,"sophisticatedbackpacks:backpack":1,"farmersdelight:tomato_seeds":24,"minecraft:carrot":4,"minecraft:redstone":26,"thermal:green_bean":4,"minecraft:mangrove_trapdoor":1,"minecraft:dark_oak_planks":14,"minecraft:arrow":19,"minecraft:pumpkin_pie":1,"minecraft:hay_block":18,"minecraft:glistering_melon_slice":2,"minecraft:mutton":1,"alexsmobs:kangaroo_meat":2,"minecraft:leather":8,"alexsmobs:acacia_blossom":4,"minecraft:oak_log":7,"minecraft:wooden_hoe":1,"minecraft:white_banner":1,"minecraft:cooked_mutton":1,"minecraft:gray_carpet":1,"minecraft:apple":6,"minecraft:iron_ingot":37,"minecraft:stone_pickaxe":2,"thermal:tomato_seeds":1,"minecraft:acacia_sapling":9,"minecraft:dark_oak_stairs":1,"minecraft:book":125,"minecraft:pillager_spawn_egg":2,"thermal:blitz_rod":2,"minecraft:smooth_basalt":2,"productivebees:sugar_cane_nest":2,"minecraft:spyglass":1,"minecraft:gravel":1,"ars_nouveau:bastion_pod":5,"minecraft:amethyst_shard":28,"minecraft:spruce_sapling":2,"productivebees:acacia_wood_nest":2,"minecraft:spruce_log":5,"thermal:green_bean_seeds":1,"mekanism:raw_osmium":23,"minecraft:stone_axe":1,"minecraft:iron_helmet":1,"botania:orange_mystical_flower":2,"mekanism:fluorite_gem":13,"oreberriesreplanted:tin_oreberry_bush":3,"minecraft:coal":73,"botania:brown_mystical_flower":2,"thermal:amaranth_seeds":1,"minecraft:melon_seeds":2,"psychadelic:chemistrybook":1},"minecraft:custom":{"minecraft:interact_with_crafting_table":31,"minecraft:open_barrel":13,"minecraft:bell_ring":33,"minecraft:eat_cake_slice":6,"minecraft:leave_game":3,"minecraft:time_since_death":19784,"minecraft:sprint_one_cm":268662,"minecraft:damage_blocked_by_shield":1310,"minecraft:drop":134,"minecraft:play_time":163881,"minecraft:deaths":7,"minecraft:jump":2002,"minecraft:walk_on_water_one_cm":8946,"minecraft:interact_with_furnace":31,"minecraft:sleep_in_bed":16,"minecraft:damage_dealt":8342,"minecraft:player_kills":2,"minecraft:crouch_one_cm":5519,"minecraft:mob_kills":40,"minecraft:climb_one_cm":4128,"minecraft:walk_one_cm":472602,"minecraft:sneak_time":2228,"minecraft:walk_under_water_one_cm":12993,"minecraft:boat_one_cm":79442,"minecraft:total_world_time":163881,"minecraft:time_since_rest":10792,"minecraft:damage_taken":3832,"minecraft:trigger_trapped_chest":2,"minecraft:swim_one_cm":19816,"minecraft:fly_one_cm":201617,"minecraft:open_chest":66,"minecraft:fall_one_cm":48191},"minecraft:broken":{"minecraft:leather_leggings":2,"minecraft:stone_axe":1,"minecraft:wooden_axe":1,"minecraft:leather_boots":1},"minecraft:killed":{"minecraft:spider":1,"minecraft:skeleton":9,"thermal:blitz":1,"minecraft:iron_golem":1,"minecraft:pillager":12,"minecraft:zombie":8,"minecraft:cow":2,"minecraft:husk":3,"minerales_x:among_us":1,"minecraft:enderman":1},"minecraft:crafted":{"minecraft:oak_planks":16,"minecraft:chest":2,"minecraft:crafting_table":1,"minecraft:spruce_planks":20,"minecraft:wooden_pickaxe":1,"minecraft:iron_helmet":1,"minecraft:copper_ingot":2,"minecraft:iron_chestplate":2,"minecraft:charcoal":8,"minecraft:shield":3,"minecraft:stick":56,"minecraft:iron_ingot":26,"minecraft:iron_pickaxe":2,"minecraft:stone_sword":3,"minecraft:wooden_sword":1,"minecraft:spyglass":1,"minecraft:furnace":1,"minecraft:stone_pickaxe":7,"minecraft:wheat":162,"minecraft:cooked_beef":2,"minecraft:stone_axe":2,"minecraft:acacia_boat":2,"minecraft:bread":66,"minecraft:air":0,"minecraft:wooden_axe":1,"minecraft:torch":76,"minecraft:acacia_planks":40},"minecraft:killed_by":{"minecraft:zombie":1,"minecraft:player":2,"thermal:blitz":1,"minecraft:skeleton":2}},"DataVersion":3465}