{"stats":{"minecraft:killed":{"minecraft:skeleton":9,"thermal:blitz":1,"minecraft:husk":3,"minecraft:iron_golem":1,"minecraft:zombie":6,"minecraft:cow":2},"minecraft:crafted":{"minecraft:wooden_sword":1,"minecraft:oak_planks":16,"minecraft:spyglass":1,"minecraft:furnace":1,"minecraft:stone_pickaxe":7,"minecraft:chest":2,"minecraft:wheat":144,"minecraft:cooked_beef":2,"minecraft:spruce_planks":20,"minecraft:wooden_pickaxe":1,"minecraft:iron_helmet":1,"minecraft:copper_ingot":2,"minecraft:stone_axe":2,"minecraft:bread":56,"minecraft:air":0,"minecraft:iron_chestplate":2,"minecraft:charcoal":8,"minecraft:shield":3,"minecraft:stick":56,"minecraft:iron_ingot":26,"minecraft:iron_pickaxe":2,"minecraft:wooden_axe":1,"minecraft:stone_sword":3,"minecraft:acacia_planks":12,"minecraft:torch":76},"minecraft:mined":{"minecraft:dark_oak_planks":8,"minecraft:large_amethyst_bud":1,"minecraft:tuff":1,"botania:orange_double_flower":1,"minecraft:red_nether_bricks":1,"biomesoplenty:desert_grass":1,"minecraft:ladder":3,"thermal:tin_ore":3,"minecraft:brewing_stand":2,"mekanism:deepslate_osmium_ore":18,"psychadelic:copper_oxide_ore":8,"minecraft:budding_amethyst":1,"biomesoplenty:bush":1,"minecraft:acacia_log":28,"minecraft:grass_block":2,"psychadelic:oil":4,"ars_nouveau:bastion_pod":1,"minecraft:coal_block":13,"minecraft:mangrove_trapdoor":1,"minecraft:spruce_leaves":8,"botania:light_gray_mystical_flower":2,"minecraft:hay_block":16,"minecraft:redstone_ore":5,"minecraft:furnace":6,"productivebees:acacia_wood_nest":1,"minecraft:iron_ore":11,"minecraft:cobbled_deepslate":2,"minecraft:fire":3,"minecraft:dark_oak_stairs":1,"minecraft:peony":1,"minecraft:gold_block":1,"minecraft:bell":1,"minecraft:red_tulip":1,"minecraft:bookshelf":34,"oreberriesreplanted:copper_oreberry_bush":4,"minecraft:deepslate_iron_ore":4,"minecraft:smooth_quartz_stairs":1,"botania:brown_mystical_flower":2,"minecraft:player_head":1,"minecraft:stone":26,"minecraft:orange_bed":4,"minecraft:deepslate_redstone_ore":1,"minecraft:acacia_leaves":4,"botania:orange_mystical_flower":1,"mekanism:osmium_ore":5,"biomesoplenty:wildflower":1,"minecraft:amethyst_cluster":7,"oreberriesreplanted:tin_oreberry_bush":3,"minecraft:crafting_table":7,"minecraft:rose_bush":1,"minecraft:calcite":8,"minecraft:melon":10,"minecraft:chest":1,"mekanism:tin_ore":6,"minecraft:campfire":4,"farmersdelight:cabbages":2,"minecraft:tall_grass":5,"minecraft:cobblestone":14,"minecraft:cyan_bed":2,"minecraft:deepslate_gold_ore":2,"minecraft:wall_torch":4,"minecraft:amethyst_block":9,"psychadelic:sodium_chlorideore":2,"minecraft:wheat":41,"minecraft:lilac":1,"minecraft:jukebox":1,"minecraft:spruce_log":5,"minecraft:white_wall_banner":1,"minecraft:black_bed":1,"minecraft:coal_ore":9,"minecraft:grass":27,"mekanism:deepslate_tin_ore":15,"thermal:silver_ore":3,"minecraft:oak_log":7,"psychadelic:sodiumcarbonateore":12,"minecraft:gravel":1,"mekanism:deepslate_fluorite_ore":4,"minecraft:dirt":8,"minecraft:gray_carpet":1,"thermal:deepslate_niter_ore":1,"minecraft:smooth_basalt":2,"minecraft:acacia_planks":3,"minecraft:netherrack":2,"minecraft:gold_ore":4,"minecraft:oak_leaves":2,"thermal:deepslate_sulfur_ore":6,"minecraft:deepslate":12},"minecraft:dropped":{"farmersdelight:tomato_seeds":6,"minecraft:iron_ingot":1,"minecraft:bread":62,"minecraft:dark_oak_stairs":1,"minecraft:wheat_seeds":22,"minecraft:smooth_quartz_stairs":1,"botania:orange_mystical_flower":1,"minecraft:cobblestone":12,"thermal:blitz_rod":1,"minecraft:mushroom_stew":2,"minecraft:coal_block":7,"ars_nouveau:bastion_pod":3,"minecraft:dirt":4,"minecraft:torch":28,"minecraft:wooden_sword":1,"minecraft:amethyst_shard":27,"minecraft:iron_pickaxe":2,"thermal:green_bean":2,"minecraft:dark_oak_planks":6,"minecraft:smooth_basalt":5,"minecraft:gravel":15,"minecraft:stone_axe":1,"minecraft:player_head":1,"minecraft:stone_sword":2,"minecraft:cobbled_deepslate":28,"minecraft:tuff":7,"minecraft:oak_planks":26,"minecraft:shield":1,"minecraft:charcoal":6,"minecraft:iron_chestplate":2,"biomesoplenty:wildflower":1,"botania:orange_double_flower":1,"oreberriesreplanted:copper_oreberry":9,"minecraft:red_nether_bricks":2,"minecraft:arrow":2,"minecraft:wooden_pickaxe":1,"minecraft:stone_pickaxe":7,"oreberriesreplanted:aluminum_oreberry_bush":1,"minecraft:calcite":3,"minecraft:cyan_bed":2},"minecraft:used":{"minecraft:stone_sword":53,"minecraft:acacia_log":4,"farmersdelight:cabbage_seeds":5,"minecraft:shield":32,"minecraft:chest":3,"minecraft:bell":1,"minecraft:iron_chestplate":1,"minecraft:stone_hoe":10,"minecraft:rotten_flesh":3,"minecraft:orange_bed":1,"minecraft:torch":16,"minecraft:dirt":4,"minecraft:spyglass":3,"ars_nouveau:bastion_pod":2,"minecraft:dark_oak_planks":2,"minecraft:wooden_axe":54,"minecraft:iron_helmet":1,"minecraft:oak_sapling":1,"minecraft:furnace":6,"minecraft:cooked_beef":1,"farmersdelight:tomato_seeds":3,"minecraft:cobbled_deepslate":12,"minecraft:acacia_planks":3,"minecraft:calcite":2,"minecraft:wheat_seeds":37,"minecraft:amethyst_block":9,"minecraft:stone_pickaxe":68,"minecraft:wooden_pickaxe":1,"minecraft:leather_boots":2,"minecraft:golden_apple":1,"minecraft:mangrove_trapdoor":1,"minecraft:crafting_table":6,"minecraft:mushroom_stew":1,"minecraft:black_bed":1,"minecraft:cake":1,"minecraft:oak_log":3,"minecraft:wooden_hoe":1,"minecraft:melon_slice":14,"minecraft:bread":16,"minecraft:iron_pickaxe":202,"thermal:green_bean_seeds":1,"minecraft:gravel":1,"thermal:bell_pepper_seeds":1,"minecraft:stone_axe":93,"minecraft:coal_block":1,"minecraft:wooden_sword":12,"minecraft:cobblestone":17,"productivebees:acacia_wood_nest":2},"minecraft:custom":{"minecraft:mob_kills":23,"minecraft:interact_with_crafting_table":28,"minecraft:open_barrel":13,"minecraft:bell_ring":33,"minecraft:eat_cake_slice":6,"minecraft:leave_game":2,"minecraft:time_since_death":9132,"minecraft:climb_one_cm":4092,"minecraft:sprint_one_cm":206549,"minecraft:walk_one_cm":367787,"minecraft:damage_blocked_by_shield":750,"minecraft:drop":108,"minecraft:play_time":123276,"minecraft:deaths":6,"minecraft:sneak_time":1259,"minecraft:walk_under_water_one_cm":1373,"minecraft:jump":1524,"minecraft:walk_on_water_one_cm":5234,"minecraft:total_world_time":123276,"minecraft:interact_with_furnace":31,"minecraft:sleep_in_bed":6,"minecraft:time_since_rest":9174,"minecraft:damage_taken":2824,"minecraft:damage_dealt":4993,"minecraft:player_kills":1,"minecraft:swim_one_cm":10990,"minecraft:fly_one_cm":156522,"minecraft:open_chest":61,"minecraft:crouch_one_cm":3889,"minecraft:fall_one_cm":36654},"minecraft:picked_up":{"minecraft:iron_chestplate":2,"minecraft:charcoal":41,"minecraft:wheat":33,"minecraft:crafting_table":7,"thermal:raw_silver":6,"minecraft:golden_pickaxe":1,"minecraft:leather_leggings":2,"minecraft:gold_block":2,"minecraft:brewing_stand":4,"minecraft:red_nether_bricks":3,"minecraft:shield":1,"minecraft:amethyst_block":9,"alexsmobs:gazelle_horn":1,"minecraft:wooden_sword":3,"thermal:sulfur":26,"minecraft:cobbled_deepslate":14,"minecraft:bucket":4,"minecraft:beef":6,"minecraft:player_head":1,"minecraft:rose_bush":1,"thermal:niter":3,"minecraft:calcite":6,"minecraft:poppy":2,"minecraft:iron_pickaxe":2,"minecraft:coal_block":8,"minecraft:melon_slice":118,"biomesoplenty:wildflower":1,"minecraft:chest":1,"minecraft:smooth_quartz_stairs":1,"farmersdelight:cabbage_seeds":5,"minecraft:furnace":8,"minecraft:stick":10,"minecraft:raw_iron":15,"psychadelic:sodiumcarbonate":12,"minecraft:torch":44,"minecraft:acacia_log":27,"oreberriesreplanted:copper_oreberry":9,"farmersdelight:tomato_seeds":9,"minecraft:carrot":4,"minecraft:redstone":26,"thermal:green_bean":4,"minecraft:mangrove_trapdoor":1,"mekanism:raw_tin":21,"minecraft:dark_oak_planks":14,"minecraft:stone_sword":1,"minecraft:orange_bed":2,"botania:orange_double_flower":1,"minecraft:arrow":8,"minecraft:rotten_flesh":33,"thermal:corn_seeds":2,"botania:light_gray_mystical_flower":2,"ars_nouveau:worn_notebook":1,"minecraft:hay_block":16,"oreberriesreplanted:aluminum_oreberry_bush":2,"minecraft:glistering_melon_slice":2,"minecraft:obsidian":3,"minecraft:mutton":1,"minecraft:cobblestone":111,"psychadelic:copper_oxide":8,"alexsmobs:kangaroo_meat":2,"minecraft:lilac":1,"minecraft:black_bed":2,"minecraft:leather":8,"alexsmobs:acacia_blossom":4,"minecraft:potato":1,"minecraft:tuff":2,"minecraft:oak_log":7,"minecraft:wooden_hoe":1,"minecraft:dirt":8,"minecraft:white_banner":1,"minecraft:apple":6,"minecraft:cooked_mutton":1,"minecraft:leather_boots":2,"minecraft:bone":10,"psychadelic:sodium_chloride":2,"minecraft:acacia_planks":52,"minecraft:gray_carpet":1,"minecraft:wheat_seeds":178,"minecraft:raw_gold":6,"minecraft:bell":1,"minecraft:iron_ingot":37,"minecraft:stone_pickaxe":2,"thermal:tomato_seeds":1,"minecraft:acacia_sapling":9,"minecraft:stone_hoe":2,"minecraft:oak_planks":66,"minecraft:dark_oak_stairs":1,"minecraft:book":125,"thermal:raw_tin":5,"thermal:blitz_rod":2,"thermal:bell_pepper_seeds":1,"minecraft:smooth_basalt":2,"minecraft:cyan_bed":2,"minecraft:spyglass":1,"oreberriesreplanted:copper_oreberry_bush":5,"minecraft:gravel":1,"ars_nouveau:bastion_pod":5,"minecraft:amethyst_shard":28,"minecraft:spruce_sapling":2,"productivebees:acacia_wood_nest":2,"thermal:green_bean_seeds":1,"minecraft:spruce_log":5,"mekanism:raw_osmium":23,"alexsmobs:animal_dictionary":1,"minecraft:skeleton_spawn_egg":2,"minecraft:stone_axe":1,"minecraft:iron_helmet":1,"botania:orange_mystical_flower":1,"mekanism:fluorite_gem":13,"oreberriesreplanted:tin_oreberry_bush":3,"minecraft:golden_apple":3,"minecraft:netherrack":2,"thermal:amaranth_seeds":1,"minecraft:bread":35,"minecraft:coal":73,"alexsmobs:maggot":2,"botania:brown_mystical_flower":2,"minecraft:oak_sapling":1,"minecraft:melon_seeds":2,"psychadelic:chemistrybook":1},"minecraft:broken":{"minecraft:wooden_axe":1},"minecraft:killed_by":{"minecraft:player":2,"thermal:blitz":1,"minecraft:skeleton":2,"minecraft:zombie":1}},"DataVersion":3465}