{"stats":{"minecraft:mined":{"minecraft:grass":2,"biomesoplenty:desert_grass":1},"minecraft:picked_up":{"minecraft:bone":1,"minecraft:arrow":1,"thermal:corn_seeds":1,"psychadelic:chemistrybook":1,"ars_nouveau:worn_notebook":1,"alexsmobs:animal_dictionary":1},"minecraft:custom":{"minecraft:jump":96,"minecraft:time_since_rest":1323,"minecraft:damage_dealt":237,"minecraft:deaths":1,"minecraft:sprint_one_cm":9139,"minecraft:play_time":4490,"minecraft:damage_taken":285,"minecraft:time_since_death":1295,"minecraft:walk_one_cm":9901,"minecraft:total_world_time":4490,"minecraft:fall_one_cm":3612,"minecraft:fly_one_cm":11091},"minecraft:killed_by":{"minecraft:skeleton":1}},"DataVersion":3465}