{"stats":{"minecraft:killed":{"minecraft:skeleton":3,"thermal:blitz":1,"minecraft:iron_golem":1,"minecraft:zombie":6,"minecraft:cow":2},"minecraft:crafted":{"minecraft:wooden_sword":1,"minecraft:oak_planks":16,"minecraft:furnace":1,"minecraft:stone_pickaxe":7,"minecraft:chest":1,"minecraft:wheat":144,"minecraft:spruce_planks":20,"minecraft:wooden_pickaxe":1,"minecraft:stone_axe":2,"minecraft:bread":56,"minecraft:air":0,"minecraft:charcoal":8,"minecraft:stick":48,"minecraft:iron_ingot":26,"minecraft:iron_pickaxe":2,"minecraft:wooden_axe":1,"minecraft:stone_sword":3,"minecraft:acacia_planks":12,"minecraft:torch":32},"minecraft:mined":{"minecraft:large_amethyst_bud":1,"minecraft:tuff":1,"biomesoplenty:desert_grass":1,"thermal:tin_ore":3,"minecraft:brewing_stand":1,"mekanism:deepslate_osmium_ore":18,"psychadelic:copper_oxide_ore":8,"minecraft:budding_amethyst":1,"biomesoplenty:bush":1,"minecraft:acacia_log":28,"minecraft:grass_block":2,"psychadelic:oil":4,"ars_nouveau:bastion_pod":1,"minecraft:spruce_leaves":8,"botania:light_gray_mystical_flower":2,"minecraft:hay_block":16,"minecraft:redstone_ore":5,"productivebees:acacia_wood_nest":1,"minecraft:cobbled_deepslate":2,"minecraft:iron_ore":11,"minecraft:fire":1,"minecraft:bell":1,"oreberriesreplanted:copper_oreberry_bush":4,"minecraft:deepslate_iron_ore":4,"botania:brown_mystical_flower":2,"minecraft:stone":23,"minecraft:orange_bed":3,"minecraft:deepslate_redstone_ore":1,"minecraft:acacia_leaves":4,"mekanism:osmium_ore":5,"biomesoplenty:wildflower":1,"minecraft:amethyst_cluster":7,"oreberriesreplanted:tin_oreberry_bush":3,"minecraft:crafting_table":4,"minecraft:calcite":6,"minecraft:melon":10,"minecraft:chest":1,"mekanism:tin_ore":6,"farmersdelight:cabbages":2,"minecraft:cobblestone":10,"minecraft:tall_grass":5,"minecraft:deepslate_gold_ore":2,"minecraft:wall_torch":4,"minecraft:amethyst_block":9,"psychadelic:sodium_chlorideore":2,"minecraft:wheat":41,"minecraft:spruce_log":5,"minecraft:grass":27,"mekanism:deepslate_tin_ore":15,"thermal:silver_ore":3,"minecraft:oak_log":7,"psychadelic:sodiumcarbonateore":12,"mekanism:deepslate_fluorite_ore":4,"minecraft:dirt":8,"minecraft:gravel":1,"minecraft:smooth_basalt":2,"thermal:deepslate_niter_ore":1,"minecraft:acacia_planks":3,"thermal:deepslate_sulfur_ore":6,"minecraft:deepslate":12,"minecraft:gold_ore":4,"minecraft:oak_leaves":2},"minecraft:dropped":{"farmersdelight:tomato_seeds":6,"minecraft:bread":59,"thermal:blitz_rod":1,"ars_nouveau:bastion_pod":3,"minecraft:dirt":4,"minecraft:torch":28,"minecraft:wooden_sword":1,"minecraft:iron_pickaxe":2,"minecraft:smooth_basalt":2,"minecraft:stone_axe":1,"minecraft:stone_sword":2,"minecraft:oak_planks":26,"biomesoplenty:wildflower":1,"oreberriesreplanted:copper_oreberry":9,"minecraft:stone_pickaxe":7,"minecraft:wooden_pickaxe":1,"minecraft:calcite":3},"minecraft:used":{"minecraft:stone_sword":23,"minecraft:acacia_log":4,"farmersdelight:cabbage_seeds":5,"minecraft:chest":2,"minecraft:bell":1,"minecraft:stone_hoe":10,"minecraft:rotten_flesh":3,"minecraft:orange_bed":1,"minecraft:torch":9,"minecraft:dirt":3,"ars_nouveau:bastion_pod":2,"minecraft:wooden_axe":54,"minecraft:oak_sapling":1,"minecraft:furnace":1,"minecraft:cobbled_deepslate":12,"farmersdelight:tomato_seeds":3,"minecraft:acacia_planks":3,"minecraft:wheat_seeds":37,"minecraft:amethyst_block":9,"minecraft:stone_pickaxe":68,"minecraft:wooden_pickaxe":1,"minecraft:leather_boots":1,"minecraft:crafting_table":4,"minecraft:oak_log":3,"minecraft:wooden_hoe":1,"minecraft:bread":14,"minecraft:iron_pickaxe":157,"thermal:green_bean_seeds":1,"minecraft:gravel":1,"thermal:bell_pepper_seeds":1,"minecraft:stone_axe":15,"minecraft:wooden_sword":12,"minecraft:cobblestone":14,"productivebees:acacia_wood_nest":2},"minecraft:custom":{"minecraft:mob_kills":14,"minecraft:interact_with_crafting_table":20,"minecraft:bell_ring":33,"minecraft:leave_game":1,"minecraft:time_since_death":45165,"minecraft:sprint_one_cm":170481,"minecraft:walk_one_cm":243632,"minecraft:drop":76,"minecraft:play_time":92632,"minecraft:deaths":5,"minecraft:sneak_time":977,"minecraft:walk_under_water_one_cm":1373,"minecraft:jump":1273,"minecraft:walk_on_water_one_cm":5234,"minecraft:total_world_time":92632,"minecraft:interact_with_furnace":19,"minecraft:sleep_in_bed":6,"minecraft:time_since_rest":0,"minecraft:damage_taken":1902,"minecraft:damage_dealt":3185,"minecraft:swim_one_cm":10990,"minecraft:fly_one_cm":133395,"minecraft:player_kills":1,"minecraft:open_chest":32,"minecraft:crouch_one_cm":2251,"minecraft:fall_one_cm":28468},"minecraft:picked_up":{"minecraft:crafting_table":5,"minecraft:wheat":33,"thermal:raw_silver":3,"minecraft:leather_leggings":1,"minecraft:brewing_stand":2,"minecraft:amethyst_block":9,"alexsmobs:gazelle_horn":1,"minecraft:wooden_sword":2,"thermal:sulfur":26,"minecraft:cobbled_deepslate":14,"minecraft:bucket":3,"minecraft:beef":6,"minecraft:calcite":3,"thermal:niter":3,"minecraft:poppy":1,"minecraft:iron_pickaxe":1,"minecraft:melon_slice":88,"biomesoplenty:wildflower":1,"minecraft:chest":1,"farmersdelight:cabbage_seeds":5,"psychadelic:sodiumcarbonate":12,"minecraft:stick":7,"minecraft:raw_iron":15,"minecraft:torch":7,"minecraft:acacia_log":27,"oreberriesreplanted:copper_oreberry":9,"farmersdelight:tomato_seeds":9,"minecraft:redstone":26,"mekanism:raw_tin":21,"minecraft:orange_bed":2,"minecraft:arrow":4,"minecraft:rotten_flesh":11,"botania:light_gray_mystical_flower":2,"thermal:corn_seeds":2,"ars_nouveau:worn_notebook":1,"minecraft:hay_block":16,"minecraft:mutton":1,"psychadelic:copper_oxide":8,"alexsmobs:kangaroo_meat":2,"minecraft:cobblestone":105,"minecraft:leather":5,"alexsmobs:acacia_blossom":4,"minecraft:tuff":2,"minecraft:oak_log":7,"minecraft:wooden_hoe":1,"minecraft:dirt":8,"minecraft:leather_boots":1,"minecraft:bone":6,"psychadelic:sodium_chloride":2,"minecraft:acacia_planks":39,"minecraft:wheat_seeds":126,"minecraft:raw_gold":6,"minecraft:bell":1,"minecraft:stone_pickaxe":2,"thermal:tomato_seeds":1,"minecraft:acacia_sapling":9,"minecraft:oak_planks":66,"minecraft:stone_hoe":1,"thermal:raw_tin":5,"thermal:blitz_rod":2,"thermal:bell_pepper_seeds":1,"minecraft:smooth_basalt":2,"oreberriesreplanted:copper_oreberry_bush":5,"minecraft:gravel":1,"ars_nouveau:bastion_pod":5,"minecraft:amethyst_shard":28,"minecraft:spruce_sapling":2,"productivebees:acacia_wood_nest":2,"thermal:green_bean_seeds":1,"minecraft:spruce_log":5,"alexsmobs:animal_dictionary":1,"mekanism:raw_osmium":23,"minecraft:skeleton_spawn_egg":1,"mekanism:fluorite_gem":13,"oreberriesreplanted:tin_oreberry_bush":3,"minecraft:bread":32,"alexsmobs:maggot":2,"minecraft:oak_sapling":1,"minecraft:melon_seeds":2,"psychadelic:chemistrybook":1,"botania:brown_mystical_flower":2},"minecraft:broken":{"minecraft:wooden_axe":1},"minecraft:killed_by":{"minecraft:player":2,"thermal:blitz":1,"minecraft:skeleton":1,"minecraft:zombie":1}},"DataVersion":3465}