{"stats":{"minecraft:used":{"farmersdelight:cabbage_seeds":5,"minecraft:chest":3,"minecraft:shield":85,"minecraft:bell":1,"minecraft:rotten_flesh":3,"minecraft:iron_chestplate":1,"minecraft:carrot":5,"minecraft:iron_helmet":1,"productivebees:sturdy_bee_cage":4,"minecraft:jungle_button":1,"minecraft:furnace":6,"minecraft:oak_sapling":1,"minecraft:stone_pickaxe":68,"minecraft:wooden_pickaxe":1,"minecraft:golden_apple":1,"minecraft:mushroom_stew":1,"minecraft:black_bed":1,"waystones:waystone":1,"minecraft:cyan_bed":1,"minecraft:bread":46,"minecraft:melon_slice":31,"minecraft:gravel":1,"minecraft:lilac":1,"minecraft:coal_block":1,"minecraft:wooden_sword":12,"minecraft:rose_bush":1,"minecraft:stone_sword":133,"minecraft:acacia_log":4,"minecraft:stone_hoe":10,"minecraft:orange_bed":1,"minecraft:torch":16,"minecraft:dirt":7,"minecraft:spyglass":3,"ars_nouveau:bastion_pod":2,"farmersdelight:rope":1,"minecraft:wooden_axe":54,"minecraft:dark_oak_planks":2,"psychadelic:peyoteslice":9,"minecraft:goat_horn":3,"minecraft:cooked_beef":1,"minecraft:acacia_planks":14,"farmersdelight:tomato_seeds":3,"minecraft:cobbled_deepslate":12,"minecraft:golden_axe":19,"minecraft:calcite":2,"minecraft:wheat_seeds":37,"minecraft:acacia_boat":3,"minecraft:amethyst_block":9,"minecraft:green_bed":2,"minecraft:leather_boots":2,"minecraft:mangrove_trapdoor":1,"minecraft:crafting_table":11,"minerales_x:pene":1,"minecraft:cake":1,"minecraft:oak_log":3,"minecraft:wooden_hoe":1,"minecraft:iron_pickaxe":207,"thermal:green_bean_seeds":1,"minecraft:golden_leggings":1,"thermal:bell_pepper_seeds":1,"minecraft:stone_axe":137,"minecraft:cobblestone":19,"minecraft:pumpkin_pie":1,"productivebees:acacia_wood_nest":2},"minecraft:mined":{"minecraft:dark_oak_planks":8,"minecraft:large_amethyst_bud":1,"farmersdelight:rich_soil":2,"minecraft:sculk_vein":4,"minecraft:red_nether_bricks":1,"thermal:tin_ore":3,"minecraft:brewing_stand":2,"minecraft:budding_amethyst":1,"minecraft:acacia_log":41,"minecraft:grass_block":6,"ars_nouveau:bastion_pod":1,"minecraft:coal_block":13,"botania:light_gray_mystical_flower":2,"minecraft:tall_seagrass":1,"productivebees:acacia_wood_nest":1,"farmersdelight:wild_rice":1,"minecraft:iron_ore":11,"minecraft:cobbled_deepslate":2,"minecraft:fire":3,"minecraft:dark_oak_stairs":1,"minecraft:red_tulip":1,"botania:brown_mystical_flower":2,"minecraft:player_head":1,"minecraft:green_bed":4,"minecraft:orange_bed":4,"minecraft:deepslate_redstone_ore":1,"botania:orange_mystical_flower":1,"mekanism:osmium_ore":5,"farmersdelight:organic_compost":8,"biomesoplenty:wildflower":1,"minecraft:amethyst_cluster":7,"oreberriesreplanted:tin_oreberry_bush":3,"minecraft:calcite":8,"minecraft:melon":26,"minecraft:chest":1,"minecraft:dead_bush":1,"mekanism:tin_ore":6,"farmersdelight:cabbages":2,"minecraft:cobblestone":14,"minecraft:cyan_bed":3,"minecraft:sugar_cane":8,"minecraft:wall_torch":4,"minecraft:amethyst_block":9,"minecraft:repeater":4,"minecraft:wheat":41,"minecraft:lilac":2,"minecraft:jukebox":1,"minecraft:tnt":3,"minecraft:black_bed":1,"minecraft:grass":36,"mekanism:deepslate_tin_ore":15,"minecraft:oak_log":7,"minecraft:dirt":9,"minecraft:smooth_basalt":2,"minecraft:netherrack":2,"minecraft:oak_leaves":2,"minecraft:deepslate":12,"minecraft:tuff":1,"botania:orange_double_flower":1,"farmersdelight:wild_carrots":7,"biomesoplenty:desert_grass":4,"mekanism:deepslate_osmium_ore":18,"psychadelic:copper_oxide_ore":8,"minecraft:ladder":3,"biomesoplenty:bush":1,"psychadelic:oil":4,"minecraft:mangrove_trapdoor":1,"minecraft:spruce_leaves":8,"biomesoplenty:dune_grass":3,"minecraft:hay_block":81,"minecraft:redstone_ore":5,"minecraft:furnace":6,"minecraft:peony":1,"minecraft:gold_block":1,"minecraft:bell":1,"minecraft:bookshelf":54,"oreberriesreplanted:copper_oreberry_bush":4,"farmersdelight:rope":1,"minecraft:deepslate_iron_ore":4,"productivebees:sugar_cane_nest":1,"minecraft:smooth_quartz_stairs":1,"minecraft:bamboo":1,"minecraft:stone":28,"minecraft:acacia_leaves":4,"psychadelic:san_pedro_plant":1,"minecraft:crafting_table":13,"minecraft:rose_bush":1,"minecraft:campfire":4,"minecraft:tall_grass":5,"biomesoplenty:sprout":4,"minecraft:deepslate_gold_ore":2,"farmersdelight:wild_tomatoes":25,"minecraft:sculk":2,"psychadelic:sodium_chlorideore":2,"minecraft:spruce_log":5,"minecraft:white_wall_banner":1,"thermal:silver_ore":3,"minecraft:coal_ore":9,"psychadelic:sodiumcarbonateore":12,"minecraft:gravel":1,"mekanism:deepslate_fluorite_ore":4,"minecraft:gray_carpet":1,"thermal:deepslate_niter_ore":1,"minecraft:acacia_planks":7,"minecraft:small_dripleaf":1,"minecraft:gold_ore":4,"thermal:deepslate_sulfur_ore":6,"minecraft:fern":5},"minecraft:dropped":{"minecraft:acacia_boat":1,"minecraft:dark_oak_stairs":1,"minecraft:crafting_table":1,"minecraft:crossbow":1,"minecraft:dirt":5,"minecraft:pumpkin_pie":2,"minecraft:wooden_sword":1,"alexsmobs:emu_feather":2,"minecraft:amethyst_shard":27,"minecraft:iron_pickaxe":2,"minecraft:dark_oak_planks":6,"minecraft:bone":2,"minecraft:gravel":15,"minecraft:stone_axe":1,"minecraft:pillager_spawn_egg":2,"minecraft:cobbled_deepslate":28,"minecraft:rotten_flesh":13,"minecraft:oak_planks":26,"minerales_x:pene":1,"minecraft:charcoal":6,"biomesoplenty:wildflower":1,"minecraft:ladder":1,"minecraft:red_nether_bricks":2,"minecraft:arrow":14,"farmersdelight:tomato_seeds":6,"minecraft:iron_ingot":1,"minecraft:bread":107,"thermal:onion_seeds":3,"minecraft:wheat_seeds":23,"minecraft:smooth_quartz_stairs":1,"botania:orange_mystical_flower":1,"minecraft:cobblestone":13,"thermal:blitz_rod":1,"minecraft:coal_block":7,"ars_nouveau:bastion_pod":3,"minecraft:mushroom_stew":2,"minecraft:torch":28,"thermal:green_bean":2,"minecraft:acacia_planks":1,"minecraft:tripwire_hook":2,"minecraft:smooth_basalt":5,"minecraft:player_head":1,"minecraft:stone_sword":4,"minecraft:tuff":7,"psychadelic:peyoteslice":5,"thermal:tomato_seeds":1,"minecraft:shield":1,"minecraft:iron_chestplate":2,"botania:orange_double_flower":1,"minecraft:stone_bricks":6,"oreberriesreplanted:copper_oreberry":9,"minecraft:stone_pickaxe":7,"minecraft:wooden_pickaxe":1,"minecraft:calcite":3,"oreberriesreplanted:aluminum_oreberry_bush":1,"minecraft:cyan_bed":5},"minecraft:picked_up":{"minecraft:iron_chestplate":2,"minecraft:wheat":33,"minecraft:brewing_stand":4,"minecraft:amethyst_block":9,"alexsmobs:gazelle_horn":1,"minecraft:red_nether_bricks":3,"thermal:barley_seeds":2,"thermal:sulfur":26,"alexsmobs:emu_feather":2,"minecraft:cobbled_deepslate":14,"minecraft:bucket":4,"minecraft:rose_bush":1,"minecraft:calcite":6,"minecraft:iron_pickaxe":2,"minecraft:melon_slice":201,"minecraft:coal_block":8,"minecraft:smooth_quartz_stairs":1,"farmersdelight:cabbage_seeds":5,"minecraft:furnace":8,"minecraft:stick":12,"minecraft:green_bed":3,"minecraft:acacia_log":39,"minecraft:torch":44,"oreberriesreplanted:copper_oreberry":9,"mekanism:raw_tin":21,"minecraft:zombie_spawn_egg":1,"minecraft:orange_bed":2,"minecraft:stone_sword":3,"minecraft:cactus":2,"minecraft:rotten_flesh":36,"botania:orange_double_flower":1,"thermal:corn_seeds":2,"botania:light_gray_mystical_flower":2,"ars_nouveau:worn_notebook":1,"foodexpansion:squid":2,"farmersdelight:rope":5,"oreberriesreplanted:aluminum_oreberry_bush":2,"alexsmobs:emu_egg":4,"minecraft:obsidian":3,"psychadelic:copper_oxide":8,"minecraft:cobblestone":116,"minecraft:repeater":21,"minecraft:feather":2,"minecraft:lilac":2,"farmersdelight:rice":1,"minecraft:black_bed":2,"minecraft:potato":1,"minecraft:tuff":2,"minecraft:acacia_boat":4,"farmersdelight:tomato":2,"minecraft:dirt":13,"minecraft:leather_boots":2,"minecraft:bone":10,"psychadelic:sodium_chloride":2,"minecraft:acacia_planks":56,"minecraft:wheat_seeds":179,"minecraft:raw_gold":6,"minecraft:bell":1,"minecraft:bamboo":16,"minecraft:oak_planks":66,"minecraft:stone_hoe":2,"thermal:raw_tin":5,"thermal:bell_pepper_seeds":1,"oreberriesreplanted:copper_oreberry_bush":5,"minecraft:grass_block":1,"minecraft:cyan_bed":6,"thermal:onion_seeds":6,"alexsmobs:animal_dictionary":1,"minecraft:skeleton_spawn_egg":2,"waystones:waystone":2,"minecraft:crossbow":1,"minecraft:golden_apple":3,"minecraft:emerald":10,"minecraft:bread":44,"alexsmobs:maggot":2,"minecraft:oak_sapling":1,"minecraft:netherrack":2,"minecraft:charcoal":41,"minecraft:crafting_table":11,"minecraft:ladder":1,"thermal:raw_silver":6,"minecraft:leather_leggings":3,"minecraft:golden_pickaxe":1,"minecraft:gold_block":2,"minecraft:shield":1,"minecraft:wooden_sword":3,"psychadelic:san_pedro_stage_2":3,"minecraft:beef":10,"thermal:niter":3,"minecraft:player_head":1,"minecraft:poppy":2,"minecraft:sugar_cane":15,"biomesoplenty:wildflower":1,"minecraft:chest":1,"minecraft:raw_iron":15,"psychadelic:sodiumcarbonate":12,"sophisticatedbackpacks:backpack":1,"farmersdelight:tomato_seeds":33,"minecraft:carrot":11,"minecraft:redstone":49,"thermal:green_bean":4,"minecraft:mangrove_trapdoor":1,"minecraft:dark_oak_planks":14,"minecraft:tnt":2,"minecraft:arrow":20,"minecraft:pumpkin_pie":1,"minecraft:hay_block":81,"minecraft:glistering_melon_slice":2,"minecraft:mutton":1,"alexsmobs:kangaroo_meat":2,"minerales_x:pene":2,"farmersdelight:rich_soil":2,"minecraft:tripwire_hook":1,"minecraft:leather":9,"alexsmobs:acacia_blossom":4,"minecraft:oak_log":7,"minecraft:jungle_button":1,"minecraft:wooden_hoe":1,"minecraft:white_banner":1,"farmersdelight:organic_compost":8,"minecraft:cooked_mutton":1,"minecraft:stone_bricks":6,"minecraft:gray_carpet":1,"minecraft:apple":6,"minecraft:iron_ingot":37,"minecraft:stone_pickaxe":2,"thermal:tomato_seeds":2,"minecraft:acacia_sapling":9,"minecraft:dark_oak_stairs":1,"minecraft:book":185,"minecraft:pillager_spawn_egg":2,"thermal:blitz_rod":2,"minecraft:smooth_basalt":2,"productivebees:sugar_cane_nest":2,"psychadelic:peyoteslice":1,"minecraft:spyglass":1,"minecraft:gravel":1,"ars_nouveau:bastion_pod":5,"minecraft:amethyst_shard":28,"minecraft:spruce_sapling":2,"productivebees:acacia_wood_nest":2,"minecraft:spruce_log":5,"thermal:green_bean_seeds":1,"mekanism:raw_osmium":23,"minecraft:stone_axe":1,"minecraft:iron_helmet":1,"botania:orange_mystical_flower":2,"mekanism:fluorite_gem":13,"oreberriesreplanted:tin_oreberry_bush":3,"minecraft:coal":73,"botania:brown_mystical_flower":2,"thermal:amaranth_seeds":1,"minecraft:melon_seeds":2,"psychadelic:chemistrybook":1},"minecraft:custom":{"minecraft:interact_with_crafting_table":40,"minecraft:open_barrel":13,"minecraft:bell_ring":33,"minecraft:eat_cake_slice":6,"minecraft:leave_game":3,"minecraft:time_since_death":109784,"minecraft:sprint_one_cm":487813,"minecraft:damage_blocked_by_shield":1735,"minecraft:drop":184,"minecraft:play_time":253881,"minecraft:deaths":7,"minecraft:jump":3864,"minecraft:walk_on_water_one_cm":15254,"minecraft:interact_with_furnace":31,"minecraft:sleep_in_bed":18,"minecraft:waystone_activated":2,"minecraft:damage_dealt":8955,"minecraft:player_kills":2,"minecraft:crouch_one_cm":7051,"minecraft:mob_kills":45,"minecraft:climb_one_cm":7241,"minecraft:walk_one_cm":661518,"minecraft:sneak_time":3168,"minecraft:walk_under_water_one_cm":16287,"minecraft:boat_one_cm":590405,"minecraft:total_world_time":253881,"minecraft:time_since_rest":15896,"minecraft:damage_taken":4591,"minecraft:trigger_trapped_chest":2,"minecraft:swim_one_cm":29408,"minecraft:fly_one_cm":526912,"minecraft:open_chest":104,"minecraft:fall_one_cm":102196},"minecraft:broken":{"minecraft:leather_leggings":2,"minecraft:stone_axe":1,"minecraft:wooden_axe":1,"minecraft:leather_boots":1},"minecraft:killed":{"minecraft:spider":1,"minecraft:skeleton":9,"thermal:blitz":1,"minecraft:iron_golem":1,"minecraft:pillager":13,"minecraft:zombie":9,"alexsmobs:roadrunner":1,"minecraft:cow":4,"minecraft:husk":3,"minerales_x:among_us":1,"minecraft:enderman":1},"minecraft:crafted":{"minecraft:oak_planks":16,"minecraft:chest":2,"minecraft:crafting_table":2,"minecraft:spruce_planks":20,"minecraft:wooden_pickaxe":1,"minecraft:iron_helmet":1,"minecraft:copper_ingot":2,"psychadelic:peyoteslice":12,"minecraft:iron_chestplate":2,"minecraft:charcoal":8,"minecraft:shield":3,"minecraft:stick":56,"minecraft:iron_ingot":26,"minecraft:iron_pickaxe":2,"minecraft:stone_sword":3,"minecraft:gold_ingot":9,"minecraft:wooden_sword":1,"minecraft:spyglass":1,"minecraft:furnace":1,"minecraft:stone_pickaxe":7,"sophisticatedbackpacks:iron_backpack":1,"minecraft:wheat":549,"minecraft:cooked_beef":2,"sophisticatedbackpacks:gold_backpack":1,"minecraft:stone_axe":3,"minecraft:acacia_boat":3,"minecraft:bread":194,"minecraft:air":0,"minecraft:wooden_axe":1,"minecraft:torch":76,"minecraft:acacia_planks":60},"minecraft:killed_by":{"minecraft:zombie":1,"minecraft:player":2,"thermal:blitz":1,"minecraft:skeleton":2}},"DataVersion":3465}