{"stats":{"minecraft:killed":{"minecraft:iron_golem":1,"minecraft:zombie":2,"thermal:blitz":1,"minecraft:cow":2},"minecraft:crafted":{"minecraft:wooden_sword":1,"minecraft:oak_planks":16,"minecraft:spruce_planks":16,"minecraft:wooden_pickaxe":1,"minecraft:furnace":1,"minecraft:stone_axe":2,"minecraft:bread":56,"minecraft:air":0,"minecraft:charcoal":8,"minecraft:stick":28,"minecraft:stone_sword":2,"minecraft:stone_pickaxe":7,"minecraft:wooden_axe":1,"minecraft:chest":1,"minecraft:acacia_planks":12,"minecraft:torch":32,"minecraft:wheat":144},"minecraft:mined":{"minecraft:acacia_leaves":4,"mekanism:osmium_ore":2,"biomesoplenty:wildflower":1,"biomesoplenty:desert_grass":1,"minecraft:brewing_stand":1,"minecraft:crafting_table":4,"biomesoplenty:bush":1,"minecraft:acacia_log":28,"minecraft:grass_block":1,"minecraft:melon":10,"minecraft:chest":1,"mekanism:tin_ore":5,"ars_nouveau:bastion_pod":1,"farmersdelight:cabbages":2,"minecraft:tall_grass":5,"minecraft:cobblestone":10,"minecraft:spruce_leaves":8,"minecraft:wall_torch":4,"botania:light_gray_mystical_flower":2,"minecraft:hay_block":16,"productivebees:acacia_wood_nest":1,"psychadelic:sodium_chlorideore":2,"minecraft:iron_ore":10,"minecraft:wheat":41,"minecraft:fire":1,"minecraft:spruce_log":5,"minecraft:bell":1,"minecraft:grass":27,"minecraft:oak_log":7,"minecraft:dirt":3,"minecraft:stone":4,"botania:brown_mystical_flower":2,"minecraft:acacia_planks":3,"minecraft:oak_leaves":2,"minecraft:orange_bed":3},"minecraft:dropped":{"farmersdelight:tomato_seeds":6,"minecraft:bread":51,"minecraft:stone_axe":1,"minecraft:stone_sword":1,"thermal:blitz_rod":1,"minecraft:oak_planks":26,"ars_nouveau:bastion_pod":2,"minecraft:dirt":4,"minecraft:torch":28,"biomesoplenty:wildflower":1,"minecraft:wooden_sword":1,"minecraft:stone_pickaxe":6,"minecraft:wooden_pickaxe":1},"minecraft:used":{"minecraft:wheat_seeds":37,"minecraft:acacia_log":4,"minecraft:stone_pickaxe":62,"farmersdelight:cabbage_seeds":5,"minecraft:chest":2,"minecraft:wooden_pickaxe":1,"minecraft:bell":1,"minecraft:leather_boots":1,"minecraft:stone_hoe":10,"minecraft:rotten_flesh":3,"minecraft:orange_bed":1,"minecraft:torch":8,"minecraft:dirt":3,"minecraft:crafting_table":4,"ars_nouveau:bastion_pod":1,"minecraft:oak_log":3,"minecraft:wooden_axe":54,"minecraft:wooden_hoe":1,"minecraft:bread":7,"thermal:green_bean_seeds":1,"thermal:bell_pepper_seeds":1,"minecraft:stone_axe":6,"minecraft:wooden_sword":12,"minecraft:cobblestone":5,"minecraft:furnace":1,"minecraft:oak_sapling":1,"farmersdelight:tomato_seeds":3,"minecraft:acacia_planks":3,"productivebees:acacia_wood_nest":2},"minecraft:picked_up":{"minecraft:crafting_table":5,"minecraft:wheat":33,"minecraft:leather_leggings":1,"minecraft:leather":5,"alexsmobs:acacia_blossom":4,"minecraft:oak_log":7,"minecraft:brewing_stand":2,"psychadelic:sodium_chloride":2,"minecraft:wooden_hoe":1,"alexsmobs:gazelle_horn":1,"minecraft:dirt":7,"minecraft:wooden_sword":2,"minecraft:acacia_planks":39,"minecraft:leather_boots":1,"minecraft:bone":1,"minecraft:wheat_seeds":126,"minecraft:bucket":3,"minecraft:bell":1,"minecraft:stone_pickaxe":1,"minecraft:beef":6,"thermal:tomato_seeds":1,"minecraft:poppy":1,"biomesoplenty:wildflower":1,"minecraft:stone_hoe":1,"minecraft:melon_slice":88,"minecraft:chest":1,"minecraft:oak_planks":66,"minecraft:acacia_sapling":9,"farmersdelight:cabbage_seeds":5,"minecraft:raw_iron":10,"thermal:bell_pepper_seeds":1,"minecraft:stick":7,"thermal:blitz_rod":2,"minecraft:torch":6,"minecraft:acacia_log":27,"ars_nouveau:bastion_pod":4,"farmersdelight:tomato_seeds":9,"minecraft:spruce_sapling":2,"productivebees:acacia_wood_nest":2,"minecraft:spruce_log":5,"thermal:green_bean_seeds":1,"mekanism:raw_tin":5,"mekanism:raw_osmium":2,"alexsmobs:animal_dictionary":1,"minecraft:orange_bed":2,"minecraft:arrow":3,"minecraft:rotten_flesh":8,"thermal:corn_seeds":2,"botania:light_gray_mystical_flower":2,"ars_nouveau:worn_notebook":1,"minecraft:hay_block":16,"minecraft:cobblestone":86,"minecraft:bread":32,"minecraft:mutton":1,"alexsmobs:maggot":2,"minecraft:oak_sapling":1,"minecraft:melon_seeds":2,"psychadelic:chemistrybook":1,"botania:brown_mystical_flower":2,"alexsmobs:kangaroo_meat":2},"minecraft:custom":{"minecraft:interact_with_furnace":9,"minecraft:mob_kills":7,"minecraft:interact_with_crafting_table":14,"minecraft:bell_ring":33,"minecraft:time_since_death":17023,"minecraft:sleep_in_bed":4,"minecraft:time_since_rest":13105,"minecraft:sprint_one_cm":125495,"minecraft:damage_taken":1429,"minecraft:walk_one_cm":169441,"minecraft:drop":67,"minecraft:damage_dealt":1734,"minecraft:player_kills":1,"minecraft:fly_one_cm":107036,"minecraft:open_chest":18,"minecraft:crouch_one_cm":1020,"minecraft:play_time":64490,"minecraft:deaths":5,"minecraft:sneak_time":453,"minecraft:jump":828,"minecraft:walk_on_water_one_cm":1345,"minecraft:total_world_time":64490,"minecraft:fall_one_cm":19488},"minecraft:broken":{"minecraft:wooden_axe":1},"minecraft:killed_by":{"minecraft:player":2,"minecraft:skeleton":1,"minecraft:zombie":1,"thermal:blitz":1}},"DataVersion":3465}