{"stats":{"minecraft:killed":{"minecraft:zombie":2,"thermal:blitz":1},"minecraft:crafted":{"minecraft:wooden_sword":1,"minecraft:stick":4,"minecraft:wooden_pickaxe":1,"minecraft:wooden_axe":1,"minecraft:acacia_planks":12},"minecraft:mined":{"minecraft:acacia_leaves":3,"minecraft:fire":1,"biomesoplenty:desert_grass":1,"minecraft:crafting_table":1,"minecraft:grass":15,"minecraft:oak_log":4,"minecraft:acacia_log":15,"minecraft:grass_block":1,"minecraft:dirt":3,"botania:brown_mystical_flower":1,"minecraft:oak_leaves":2,"minecraft:orange_bed":1},"minecraft:dropped":{"minecraft:dirt":4,"minecraft:wooden_sword":1,"thermal:blitz_rod":1,"minecraft:oak_planks":18},"minecraft:used":{"minecraft:wooden_axe":14,"minecraft:bread":1,"minecraft:rotten_flesh":3,"minecraft:wooden_sword":4,"minecraft:dirt":3},"minecraft:picked_up":{"thermal:blitz_rod":2,"minecraft:stick":3,"minecraft:crafting_table":1,"alexsmobs:acacia_blossom":3,"minecraft:acacia_log":16,"minecraft:oak_log":4,"productivebees:acacia_wood_nest":1,"alexsmobs:animal_dictionary":1,"alexsmobs:gazelle_horn":1,"minecraft:dirt":7,"minecraft:wooden_sword":1,"minecraft:rotten_flesh":3,"minecraft:bone":1,"minecraft:arrow":3,"thermal:corn_seeds":2,"minecraft:wheat_seeds":6,"ars_nouveau:worn_notebook":1,"minecraft:oak_sapling":1,"alexsmobs:maggot":2,"minecraft:oak_planks":36,"psychadelic:chemistrybook":1,"minecraft:mutton":1,"botania:brown_mystical_flower":1,"minecraft:acacia_sapling":7,"alexsmobs:kangaroo_meat":2},"minecraft:custom":{"minecraft:time_since_rest":17099,"minecraft:sprint_one_cm":52041,"minecraft:damage_taken":1050,"minecraft:walk_one_cm":41440,"minecraft:mob_kills":4,"minecraft:drop":4,"minecraft:damage_dealt":811,"minecraft:interact_with_crafting_table":1,"minecraft:fly_one_cm":59643,"minecraft:open_chest":1,"minecraft:crouch_one_cm":364,"minecraft:play_time":28490,"minecraft:deaths":4,"minecraft:sneak_time":263,"minecraft:jump":362,"minecraft:time_since_death":17071,"minecraft:total_world_time":28490,"minecraft:fall_one_cm":11681},"minecraft:killed_by":{"minecraft:player":1,"minecraft:skeleton":1,"minecraft:zombie":1,"thermal:blitz":1}},"DataVersion":3465}