{"stats":{"minecraft:killed":{"thermal:blitz":1,"minecraft:iron_golem":1,"minecraft:zombie":3,"minecraft:cow":2},"minecraft:crafted":{"minecraft:wooden_sword":1,"minecraft:oak_planks":16,"minecraft:furnace":1,"minecraft:stone_pickaxe":7,"minecraft:chest":1,"minecraft:wheat":144,"minecraft:spruce_planks":16,"minecraft:wooden_pickaxe":1,"minecraft:stone_axe":2,"minecraft:bread":56,"minecraft:air":0,"minecraft:charcoal":8,"minecraft:stick":40,"minecraft:iron_ingot":26,"minecraft:iron_pickaxe":2,"minecraft:wooden_axe":1,"minecraft:stone_sword":3,"minecraft:acacia_planks":12,"minecraft:torch":32},"minecraft:mined":{"biomesoplenty:desert_grass":1,"thermal:tin_ore":3,"minecraft:brewing_stand":1,"mekanism:deepslate_osmium_ore":5,"psychadelic:copper_oxide_ore":8,"biomesoplenty:bush":1,"minecraft:acacia_log":28,"minecraft:grass_block":1,"ars_nouveau:bastion_pod":1,"minecraft:spruce_leaves":8,"botania:light_gray_mystical_flower":2,"minecraft:hay_block":16,"minecraft:redstone_ore":5,"productivebees:acacia_wood_nest":1,"minecraft:iron_ore":11,"minecraft:fire":1,"minecraft:bell":1,"botania:brown_mystical_flower":2,"minecraft:stone":22,"minecraft:orange_bed":3,"minecraft:deepslate_redstone_ore":1,"minecraft:acacia_leaves":4,"mekanism:osmium_ore":5,"biomesoplenty:wildflower":1,"minecraft:crafting_table":4,"minecraft:melon":10,"minecraft:chest":1,"mekanism:tin_ore":6,"farmersdelight:cabbages":2,"minecraft:cobblestone":10,"minecraft:tall_grass":5,"minecraft:wall_torch":4,"psychadelic:sodium_chlorideore":2,"minecraft:wheat":41,"minecraft:spruce_log":5,"minecraft:grass":27,"mekanism:deepslate_tin_ore":6,"thermal:silver_ore":3,"minecraft:oak_log":7,"psychadelic:sodiumcarbonateore":7,"minecraft:dirt":3,"minecraft:gravel":1,"thermal:deepslate_niter_ore":1,"minecraft:acacia_planks":3,"minecraft:deepslate":2,"minecraft:gold_ore":4,"minecraft:oak_leaves":2},"minecraft:dropped":{"farmersdelight:tomato_seeds":6,"minecraft:bread":51,"thermal:blitz_rod":1,"ars_nouveau:bastion_pod":2,"minecraft:dirt":4,"minecraft:torch":28,"minecraft:wooden_sword":1,"minecraft:iron_pickaxe":2,"minecraft:stone_axe":1,"minecraft:stone_sword":2,"minecraft:oak_planks":26,"biomesoplenty:wildflower":1,"minecraft:stone_pickaxe":7,"minecraft:wooden_pickaxe":1},"minecraft:used":{"minecraft:stone_sword":5,"minecraft:acacia_log":4,"farmersdelight:cabbage_seeds":5,"minecraft:chest":2,"minecraft:bell":1,"minecraft:stone_hoe":10,"minecraft:rotten_flesh":3,"minecraft:orange_bed":1,"minecraft:torch":9,"minecraft:dirt":3,"ars_nouveau:bastion_pod":1,"minecraft:wooden_axe":54,"minecraft:oak_sapling":1,"minecraft:furnace":1,"farmersdelight:tomato_seeds":3,"minecraft:acacia_planks":3,"minecraft:wheat_seeds":37,"minecraft:stone_pickaxe":68,"minecraft:wooden_pickaxe":1,"minecraft:leather_boots":1,"minecraft:crafting_table":4,"minecraft:oak_log":3,"minecraft:wooden_hoe":1,"minecraft:bread":10,"minecraft:iron_pickaxe":62,"thermal:green_bean_seeds":1,"thermal:bell_pepper_seeds":1,"minecraft:stone_axe":6,"minecraft:wooden_sword":12,"minecraft:cobblestone":5,"productivebees:acacia_wood_nest":2},"minecraft:custom":{"minecraft:mob_kills":8,"minecraft:interact_with_crafting_table":20,"minecraft:bell_ring":33,"minecraft:time_since_death":29023,"minecraft:sprint_one_cm":142792,"minecraft:walk_one_cm":199763,"minecraft:drop":71,"minecraft:play_time":76490,"minecraft:deaths":5,"minecraft:sneak_time":500,"minecraft:walk_under_water_one_cm":1373,"minecraft:jump":989,"minecraft:walk_on_water_one_cm":4309,"minecraft:total_world_time":76490,"minecraft:interact_with_furnace":13,"minecraft:sleep_in_bed":4,"minecraft:time_since_rest":25105,"minecraft:damage_taken":1551,"minecraft:damage_dealt":1985,"minecraft:swim_one_cm":10990,"minecraft:fly_one_cm":118068,"minecraft:player_kills":1,"minecraft:open_chest":23,"minecraft:crouch_one_cm":1117,"minecraft:fall_one_cm":23812},"minecraft:picked_up":{"minecraft:crafting_table":5,"minecraft:wheat":33,"thermal:raw_silver":3,"minecraft:leather_leggings":1,"minecraft:brewing_stand":2,"alexsmobs:gazelle_horn":1,"minecraft:wooden_sword":2,"minecraft:cobbled_deepslate":2,"minecraft:bucket":3,"minecraft:beef":6,"thermal:niter":3,"minecraft:poppy":1,"minecraft:iron_pickaxe":1,"minecraft:melon_slice":88,"biomesoplenty:wildflower":1,"minecraft:chest":1,"farmersdelight:cabbage_seeds":5,"psychadelic:sodiumcarbonate":7,"minecraft:stick":7,"minecraft:raw_iron":11,"minecraft:torch":7,"minecraft:acacia_log":27,"farmersdelight:tomato_seeds":9,"minecraft:redstone":26,"mekanism:raw_tin":12,"minecraft:orange_bed":2,"minecraft:arrow":3,"minecraft:rotten_flesh":9,"botania:light_gray_mystical_flower":2,"thermal:corn_seeds":2,"ars_nouveau:worn_notebook":1,"minecraft:hay_block":16,"minecraft:mutton":1,"psychadelic:copper_oxide":8,"alexsmobs:kangaroo_meat":2,"minecraft:cobblestone":105,"minecraft:leather":5,"alexsmobs:acacia_blossom":4,"minecraft:oak_log":7,"minecraft:wooden_hoe":1,"minecraft:dirt":7,"minecraft:leather_boots":1,"minecraft:bone":1,"psychadelic:sodium_chloride":2,"minecraft:acacia_planks":39,"minecraft:wheat_seeds":126,"minecraft:raw_gold":4,"minecraft:bell":1,"minecraft:stone_pickaxe":2,"thermal:tomato_seeds":1,"minecraft:acacia_sapling":9,"minecraft:oak_planks":66,"minecraft:stone_hoe":1,"thermal:raw_tin":5,"thermal:blitz_rod":2,"thermal:bell_pepper_seeds":1,"minecraft:gravel":1,"ars_nouveau:bastion_pod":4,"minecraft:spruce_sapling":2,"productivebees:acacia_wood_nest":2,"thermal:green_bean_seeds":1,"minecraft:spruce_log":5,"alexsmobs:animal_dictionary":1,"mekanism:raw_osmium":10,"minecraft:bread":32,"alexsmobs:maggot":2,"minecraft:oak_sapling":1,"minecraft:melon_seeds":2,"psychadelic:chemistrybook":1,"botania:brown_mystical_flower":2},"minecraft:broken":{"minecraft:wooden_axe":1},"minecraft:killed_by":{"minecraft:player":2,"thermal:blitz":1,"minecraft:skeleton":1,"minecraft:zombie":1}},"DataVersion":3465}