{"stats":{"minecraft:mined":{"minecraft:grass":5,"minecraft:acacia_log":8,"minecraft:acacia_leaves":1,"botania:brown_mystical_flower":1,"biomesoplenty:desert_grass":1,"minecraft:oak_leaves":1},"minecraft:picked_up":{"minecraft:stick":2,"minecraft:arrow":1,"minecraft:bone":1,"thermal:corn_seeds":1,"alexsmobs:acacia_blossom":2,"minecraft:acacia_log":9,"ars_nouveau:worn_notebook":1,"minecraft:acacia_sapling":3,"botania:brown_mystical_flower":1,"minecraft:mutton":1,"psychadelic:chemistrybook":1,"alexsmobs:gazelle_horn":1,"alexsmobs:kangaroo_meat":2,"alexsmobs:animal_dictionary":1},"minecraft:custom":{"minecraft:time_since_rest":5099,"minecraft:play_time":16490,"minecraft:sprint_one_cm":16762,"minecraft:walk_one_cm":19839,"minecraft:damage_taken":845,"minecraft:deaths":4,"minecraft:jump":205,"minecraft:damage_dealt":285,"minecraft:time_since_death":5071,"minecraft:total_world_time":16490,"minecraft:fly_one_cm":21929,"minecraft:fall_one_cm":6485},"minecraft:killed_by":{"minecraft:skeleton":1,"minecraft:zombie":1,"minecraft:player":1,"thermal:blitz":1}},"DataVersion":3465}