{"stats":{"minecraft:custom":{"minecraft:time_since_rest":12239,"minecraft:crouch_one_cm":101,"minecraft:sprint_one_cm":7245,"minecraft:play_time":29448,"minecraft:walk_one_cm":47090,"minecraft:damage_taken":23,"minecraft:deaths":2,"minecraft:sneak_time":84,"minecraft:drop":3,"minecraft:jump":74,"minecraft:damage_dealt":109,"minecraft:leave_game":2,"minecraft:time_since_death":12207,"minecraft:total_world_time":29448,"minecraft:fall_one_cm":687,"minecraft:fly_one_cm":27689,"minecraft:player_kills":1},"minecraft:mined":{"minecraft:grass":25},"minecraft:used":{"minecraft:command_block":1,"minecraft:pig_spawn_egg":46},"minecraft:dropped":{"minecraft:wheat_seeds":3},"minecraft:picked_up":{"minecraft:leather":6,"minecraft:wheat_seeds":6,"minecraft:beef":10,"minecraft:porkchop":443,"minecraft:birch_sapling":1}},"DataVersion":3465}