{"stats":{"minecraft:picked_up":{"thermal:radish_seeds":1,"thermal:bell_pepper_seeds":1,"minecraft:stick":2,"minecraft:oak_log":1,"minecraft:oak_sapling":1,"minecraft:dirt":2},"minecraft:custom":{"minecraft:jump":16,"minecraft:walk_on_water_one_cm":224,"minecraft:time_since_rest":17635,"minecraft:damage_dealt":10,"minecraft:crouch_one_cm":139,"minecraft:sprint_one_cm":85,"minecraft:play_time":17635,"minecraft:damage_taken":60,"minecraft:time_since_death":17635,"minecraft:walk_one_cm":4351,"minecraft:sneak_time":311,"minecraft:total_world_time":17635,"minecraft:walk_under_water_one_cm":15537,"minecraft:mob_kills":4,"minecraft:swim_one_cm":1389,"minecraft:fall_one_cm":858,"minecraft:fly_one_cm":377410},"minecraft:used":{"alexscaves:nuclear_bomb":1}},"DataVersion":3465}