{"stats":{"minecraft:dropped":{"minecraft:wheat_seeds":3},"minecraft:mined":{"minecraft:grass":25},"minecraft:custom":{"minecraft:jump":89,"minecraft:time_since_rest":9199,"minecraft:damage_dealt":89,"minecraft:damage_taken":23,"minecraft:leave_game":2,"minecraft:play_time":26408,"minecraft:sprint_one_cm":7245,"minecraft:time_since_death":9167,"minecraft:walk_one_cm":47985,"minecraft:deaths":2,"minecraft:sneak_time":59,"minecraft:total_world_time":26408,"minecraft:fall_one_cm":687,"minecraft:drop":3,"minecraft:fly_one_cm":18053,"minecraft:player_kills":1},"minecraft:used":{"minecraft:pig_spawn_egg":8,"minecraft:red_wool":14},"minecraft:picked_up":{"minecraft:beef":81,"minecraft:porkchop":443,"minecraft:leather":34,"minecraft:wheat_seeds":6}},"DataVersion":3465}