{"stats":{"minecraft:custom":{"minecraft:jump":71,"minecraft:time_since_rest":3341,"minecraft:damage_dealt":89,"minecraft:deaths":2,"minecraft:leave_game":2,"minecraft:play_time":20550,"minecraft:sprint_one_cm":7245,"minecraft:damage_taken":23,"minecraft:time_since_death":3309,"minecraft:walk_one_cm":37292,"minecraft:total_world_time":20550,"minecraft:fall_one_cm":687,"minecraft:drop":3,"minecraft:fly_one_cm":12073,"minecraft:player_kills":1},"minecraft:mined":{"minecraft:grass":25},"minecraft:used":{"minecraft:pig_spawn_egg":1},"minecraft:dropped":{"minecraft:wheat_seeds":3},"minecraft:picked_up":{"minecraft:beef":10,"minecraft:porkchop":443,"minecraft:leather":6,"minecraft:wheat_seeds":6}},"DataVersion":3465}