{"stats":{"minecraft:dropped":{"minecraft:wheat_seeds":3},"minecraft:mined":{"minecraft:grass":25},"minecraft:custom":{"minecraft:jump":120,"minecraft:time_since_rest":1027,"minecraft:damage_dealt":179,"minecraft:damage_taken":23,"minecraft:leave_game":2,"minecraft:play_time":32199,"minecraft:sprint_one_cm":8692,"minecraft:time_since_death":1006,"minecraft:walk_one_cm":51204,"minecraft:deaths":5,"minecraft:sneak_time":67,"minecraft:total_world_time":32199,"minecraft:fall_one_cm":687,"minecraft:drop":3,"minecraft:fly_one_cm":30923,"minecraft:player_kills":2},"minecraft:used":{"minecraft:pig_spawn_egg":8,"minecraft:red_wool":14},"minecraft:picked_up":{"minecraft:beef":81,"minecraft:porkchop":443,"minecraft:leather":34,"minecraft:wheat_seeds":6}},"DataVersion":3465}