{"stats":{"minecraft:custom":{"minecraft:mob_kills":30,"minecraft:interact_with_crafting_table":10,"minecraft:open_barrel":42,"minecraft:eat_cake_slice":22,"minecraft:leave_game":4,"minecraft:time_since_death":23878,"minecraft:climb_one_cm":3059,"minecraft:sprint_one_cm":359075,"minecraft:walk_one_cm":490243,"minecraft:drop":28,"minecraft:play_noteblock":2,"minecraft:play_time":257407,"minecraft:sneak_time":3988,"minecraft:deaths":4,"minecraft:walk_under_water_one_cm":2877,"minecraft:jump":1911,"minecraft:interact_with_blast_furnace":17,"minecraft:walk_on_water_one_cm":15676,"minecraft:total_world_time":257407,"minecraft:interact_with_furnace":8,"minecraft:tune_noteblock":41,"minecraft:interact_with_loom":1,"minecraft:sleep_in_bed":2,"minecraft:time_since_rest":367,"minecraft:waystone_activated":2,"minecraft:damage_taken":3235,"minecraft:damage_dealt":7072,"minecraft:swim_one_cm":32718,"minecraft:fly_one_cm":326653,"minecraft:open_chest":17,"minecraft:crouch_one_cm":13732,"minecraft:fall_one_cm":49411},"minecraft:dropped":{"minecraft:baked_potato":2,"minecraft:golden_pickaxe":2,"minecraft:smooth_quartz_stairs":1,"minecraft:oxeye_daisy":1,"minecraft:ink_sac":2,"minecraft:dark_oak_fence":1,"minecraft:melon_slice":4,"minecraft:flowering_azalea":1,"minecraft:orange_bed":1,"minecraft:gray_carpet":1,"minecraft:white_wool":2,"minecraft:stone_axe":1,"minecraft:stone_sword":1,"botania:brown_mystical_flower":1,"minecraft:bowl":2,"minecraft:light_gray_wool":1,"minecraft:oak_planks":4,"minecraft:flower_pot":1,"minecraft:oak_boat":1,"minecraft:spruce_log":15,"minecraft:wooden_pickaxe":2,"minecraft:calcite":4,"botania:lime_mystical_flower":1},"minecraft:picked_up":{"minecraft:crafting_table":5,"minecraft:iron_chestplate":1,"minecraft:wheat":32,"thermal:amaranth":2,"minecraft:flower_pot":4,"minecraft:rabbit_stew":2,"minecraft:golden_pickaxe":1,"minecraft:wooden_pickaxe":1,"minecraft:cooked_rabbit":1,"minecraft:potion":1,"minecraft:brewing_stand":1,"minecraft:string":5,"minecraft:cooked_salmon":1,"minecraft:red_nether_bricks":4,"minecraft:iron_leggings":1,"minecraft:beetroot_soup":1,"thermal:barley_seeds":2,"farmersdelight:cabbage":1,"minecraft:beef":4,"minecraft:player_head":1,"minecraft:oak_boat":6,"minecraft:calcite":9,"minecraft:light_gray_wool":1,"minecraft:melon_slice":79,"minecraft:sugar_cane":9,"minecraft:smooth_quartz_stairs":1,"farmersdelight:cabbage_seeds":5,"minecraft:iron_boots":1,"minecraft:furnace":1,"minecraft:egg":2,"minecraft:dark_oak_sapling":1,"minecraft:stick":9,"minecraft:stripped_mangrove_wood":1,"minecraft:torch":3,"minecraft:bowl":1,"sophisticatedbackpacks:backpack":1,"minecraft:porkchop":2,"farmersdelight:tomato_seeds":3,"minecraft:cookie":1,"minecraft:carrot":2,"thermal:green_bean":1,"minecraft:dark_oak_planks":1,"minecraft:orange_bed":1,"thermal:peanut_seeds":1,"botania:lime_mystical_flower":1,"minecraft:stone_sword":1,"minecraft:arrow":8,"minecraft:honey_bottle":2,"minecraft:rotten_flesh":19,"thermal:corn_seeds":1,"minecraft:pumpkin_pie":1,"ars_nouveau:worn_notebook":1,"minecraft:hay_block":25,"minecraft:waxed_cut_copper":1,"minecraft:mutton":7,"minecraft:white_wool":3,"minecraft:cobblestone":31,"minecraft:oxeye_daisy":2,"minecraft:cooked_beef":3,"minecraft:black_bed":3,"minecraft:leather":1,"minecraft:oak_log":52,"minecraft:waxed_copper_block":2,"minecraft:lapis_lazuli":14,"minecraft:cooked_mutton":1,"minecraft:bone":6,"minecraft:apple":2,"minecraft:gray_carpet":1,"minecraft:wheat_seeds":90,"minecraft:iron_ingot":32,"minecraft:cooked_chicken":1,"minecraft:bamboo":10,"minecraft:oak_planks":14,"minecraft:flowering_azalea":4,"thermal:bell_pepper_seeds":1,"minecraft:pumpkin":3,"minecraft:blast_furnace":1,"sophisticatedbackpacks:iron_backpack":3,"minecraft:ink_sac":2,"minecraft:spruce_log":16,"thermal:green_bean_seeds":3,"minecraft:cyan_bed":5,"thermal:onion_seeds":2,"alexsmobs:animal_dictionary":1,"minecraft:husk_spawn_egg":1,"minecraft:iron_helmet":1,"minecraft:golden_apple":1,"minecraft:emerald":3,"botania:brown_mystical_flower":1,"minecraft:baked_potato":17,"psychadelic:chemistrybook":1,"minecraft:oak_sapling":14,"thermal:amaranth_seeds":5,"minecraft:melon_seeds":22,"minecraft:dark_oak_fence":1,"minecraft:coal":50,"minecraft:diamond_pickaxe":1},"minecraft:mined":{"minecraft:dark_oak_planks":1,"minecraft:waxed_cut_copper_slab":1,"minecraft:attached_melon_stem":1,"minecraft:potted_flowering_azalea_bush":3,"minecraft:red_nether_bricks":4,"minecraft:brewing_stand":1,"minecraft:dark_oak_fence":1,"sophisticatedbackpacks:iron_backpack":3,"farmersdelight:tomatoes":3,"minecraft:spruce_leaves":1,"minecraft:spawner":6,"minecraft:hay_block":25,"minecraft:black_stained_glass_pane":2,"minecraft:potted_dark_oak_sapling":1,"minecraft:furnace":1,"minecraft:pumpkin":3,"minecraft:stripped_dark_oak_wood":1,"thermal:amaranth":1,"minecraft:flowering_azalea_leaves":3,"minecraft:smooth_quartz_stairs":3,"botania:brown_mystical_flower":1,"minecraft:bamboo":1,"minecraft:stripped_mangrove_wood":1,"minecraft:stone":31,"sophisticatedbackpacks:backpack":1,"minecraft:player_head":1,"minecraft:orange_bed":1,"minecraft:waxed_cut_copper":1,"botania:lime_mystical_flower":1,"minecraft:flowering_azalea":1,"minecraft:melon_stem":12,"minecraft:crafting_table":5,"minecraft:torch":1,"minecraft:blast_furnace":1,"minecraft:calcite":9,"minecraft:melon":16,"minecraft:nether_brick_slab":1,"farmersdelight:cabbages":2,"minecraft:tall_grass":3,"minecraft:lapis_ore":3,"minecraft:cyan_bed":6,"minecraft:sugar_cane":3,"thermal:green_bean":1,"minecraft:oak_planks":9,"minecraft:diorite":1,"minecraft:wheat":41,"minecraft:spruce_log":16,"minecraft:waxed_copper_block":2,"minecraft:black_bed":3,"minecraft:grass":7,"minecraft:oak_log":32,"minecraft:coal_ore":30,"minecraft:gray_carpet":1,"minecraft:cobweb":5,"minecraft:oak_leaves":7,"minecraft:fern":4},"minecraft:killed_by":{"minecraft:pillager":1,"minecraft:vindicator":1,"minecraft:zombie":1},"minecraft:broken":{"minecraft:stone_sword":1},"minecraft:killed":{"minecraft:vindicator":1,"minecraft:skeleton":4,"minecraft:husk":12,"minecraft:pig":1,"minecraft:sheep":4,"minecraft:pillager":3,"minecraft:zombie":1,"minerales_x:among_us":1,"minecraft:cow":2},"minecraft:crafted":{"minecraft:oak_planks":80,"minecraft:furnace":1,"minecraft:stone_pickaxe":2,"sophisticatedbackpacks:iron_backpack":1,"minecraft:cooked_beef":4,"minecraft:crafting_table":2,"minecraft:spruce_planks":4,"minecraft:wooden_pickaxe":2,"minecraft:pumpkin_seeds":4,"minecraft:stone_axe":2,"minecraft:air":0,"minecraft:oak_boat":1,"minecraft:stick":8,"minecraft:wooden_axe":2,"minecraft:stone_sword":1},"minecraft:used":{"minecraft:beetroot":16,"minecraft:stone_sword":222,"sophisticatedbackpacks:iron_backpack":3,"farmersdelight:cabbage":1,"minecraft:cooked_chicken":1,"minecraft:iron_chestplate":1,"minecraft:wooden_axe":30,"minecraft:iron_helmet":1,"minecraft:iron_boots":1,"minecraft:rabbit_stew":1,"minecraft:furnace":1,"minecraft:cooked_beef":6,"minecraft:iron_leggings":1,"minecraft:calcite":5,"minecraft:stone_pickaxe":72,"minecraft:red_nether_bricks":4,"minecraft:baked_potato":14,"minecraft:oak_planks":48,"minecraft:wooden_pickaxe":44,"minecraft:cookie":1,"minecraft:crafting_table":5,"minecraft:black_bed":2,"minecraft:oak_log":1,"minecraft:apple":1,"minecraft:bread":6,"minecraft:cyan_bed":4,"minecraft:melon_slice":12,"minecraft:stone_axe":93,"minecraft:potion":1,"minecraft:cooked_rabbit":1,"minecraft:oak_boat":5,"alexsmobs:animal_dictionary":1}},"DataVersion":3465}