{"stats":{"minecraft:killed":{"minecraft:spider":3,"minecraft:skeleton":4,"minecraft:zombie":9},"minecraft:crafted":{"minecraft:wooden_sword":1,"minecraft:oak_planks":24,"minecraft:furnace":1,"minecraft:iron_boots":1,"productivebees:acacia_wood_nest":1,"minecraft:crafting_table":2,"minecraft:wooden_pickaxe":1,"minecraft:iron_helmet":1,"minecraft:air":0,"minecraft:iron_chestplate":1,"minecraft:charcoal":12,"minecraft:iron_leggings":1,"minecraft:acacia_planks":12,"minecraft:shears":1},"minecraft:mined":{"minecraft:tuff":7,"thermal:cinnabar_ore":2,"thermal:sulfur_ore":4,"biomesoplenty:desert_grass":1,"thermal:tin_ore":6,"psychadelic:copper_oxide_ore":9,"minecraft:acacia_log":19,"minecraft:grass_block":7,"botania:orange_mushroom":1,"psychadelic:oil":2,"minecraft:furnace":1,"productivebees:acacia_wood_nest":1,"psychadelic:manganesedioxideore":2,"minecraft:iron_ore":62,"oreberriesreplanted:copper_oreberry_bush":1,"minecraft:deepslate_iron_ore":9,"minecraft:stone":214,"minecraft:acacia_leaves":8,"minecraft:crafting_table":2,"thermal:apatite_ore":11,"minecraft:torch":4,"minecraft:calcite":1,"minecraft:melon":1,"mekanism:tin_ore":16,"minecraft:tall_grass":9,"minecraft:copper_ore":3,"minecraft:cobblestone":15,"minecraft:lapis_ore":6,"minecraft:wall_torch":8,"botania:blue_mushroom":1,"psychadelic:sodium_chlorideore":50,"minecraft:black_bed":1,"minecraft:grass":111,"thermal:niter_ore":1,"minecraft:coal_ore":40,"minecraft:oak_log":6,"mekanism:lead_ore":1,"minecraft:dirt":14,"minecraft:gravel":9,"minecraft:oak_leaves":2,"minecraft:deepslate":15},"minecraft:dropped":{"psychadelic:chemistrybook":1,"minecraft:bread":1,"minecraft:wheat_seeds":4,"minecraft:cobblestone":145,"ars_nouveau:worn_notebook":1,"oreberriesreplanted:copper_oreberry_bush":1,"minecraft:melon_slice":6,"thermal:peanut_seeds":2,"minecraft:acacia_planks":5,"thermal:spinach_seeds":2,"alexsmobs:animal_dictionary":1,"oreberriesreplanted:tin_oreberry_bush":3,"minecraft:leather_boots":1,"thermal:rice_seeds":1,"minecraft:beef":6,"minecraft:wooden_pickaxe":1},"minecraft:used":{"minecraft:stone_sword":8,"minecraft:acacia_log":3,"minecraft:orange_bed":1,"minecraft:torch":33,"minecraft:dirt":10,"minecraft:mutton":5,"ars_nouveau:bastion_pod":1,"minecraft:acacia_sapling":7,"minecraft:furnace":2,"minecraft:stone_pickaxe":426,"minecraft:wooden_pickaxe":69,"minecraft:crafting_table":3,"minecraft:black_bed":2,"minecraft:creeper_spawn_egg":1,"minecraft:bread":23,"minecraft:wooden_sword":74,"minecraft:cobblestone":71},"minecraft:custom":{"minecraft:mob_kills":16,"minecraft:interact_with_crafting_table":9,"minecraft:leave_game":2,"minecraft:time_since_death":74328,"minecraft:sprint_one_cm":125568,"minecraft:walk_one_cm":224067,"minecraft:drop":28,"minecraft:talked_to_villager":2,"minecraft:play_time":107473,"minecraft:deaths":6,"minecraft:sneak_time":5909,"minecraft:walk_under_water_one_cm":3478,"minecraft:jump":1526,"minecraft:walk_on_water_one_cm":7191,"minecraft:total_world_time":107473,"minecraft:interact_with_furnace":11,"minecraft:sleep_in_bed":5,"minecraft:time_since_rest":7563,"minecraft:damage_taken":2324,"minecraft:damage_dealt":3395,"minecraft:swim_one_cm":10028,"minecraft:fly_one_cm":161723,"minecraft:player_kills":1,"minecraft:open_chest":22,"minecraft:crouch_one_cm":9975,"minecraft:fall_one_cm":37940},"minecraft:picked_up":{"minecraft:crafting_table":3,"botania:blue_mushroom":1,"thermal:cinnabar":3,"minecraft:wooden_pickaxe":2,"minecraft:string":6,"minecraft:raw_copper":11,"minecraft:wooden_sword":2,"thermal:sulfur":18,"minecraft:cobbled_deepslate":56,"minecraft:bucket":1,"minecraft:beef":6,"minecraft:calcite":1,"thermal:niter":5,"minecraft:iron_pickaxe":1,"minecraft:melon_slice":6,"thermal:spinach_seeds":3,"minecraft:furnace":1,"minecraft:raw_iron":71,"minecraft:stick":4,"minecraft:acacia_log":21,"thermal:sadiroot_seeds":1,"minecraft:torch":41,"mekanism:raw_tin":16,"thermal:apatite":69,"minecraft:orange_bed":2,"thermal:peanut_seeds":4,"minecraft:stone_sword":1,"minecraft:arrow":4,"minecraft:rotten_flesh":15,"thermal:corn_seeds":2,"ars_nouveau:worn_notebook":1,"minecraft:mutton":6,"psychadelic:copper_oxide":9,"minecraft:white_wool":3,"minecraft:cobblestone":312,"mekanism:raw_lead":1,"minecraft:black_bed":1,"alexsmobs:acacia_blossom":1,"minecraft:flint":1,"minecraft:tuff":14,"minecraft:oak_log":6,"minecraft:lapis_lazuli":38,"minecraft:dirt":38,"minecraft:leather_boots":1,"psychadelic:manganesedioxide":2,"minecraft:bone":4,"psychadelic:sodium_chloride":49,"minecraft:acacia_planks":5,"minecraft:wheat_seeds":9,"minecraft:creeper_spawn_egg":1,"minecraft:stone_pickaxe":4,"minecraft:iron_ingot":31,"minecraft:acacia_sapling":13,"minecraft:oak_planks":18,"thermal:raw_tin":6,"thermal:blitz_rod":1,"minecraft:smooth_basalt":6,"thermal:strawberry_seeds":1,"minecraft:gravel":30,"oreberriesreplanted:copper_oreberry_bush":1,"ars_nouveau:bastion_pod":1,"minecraft:amethyst_shard":27,"productivebees:acacia_wood_nest":2,"minecraft:spider_eye":1,"alexsmobs:animal_dictionary":1,"thermal:rice_seeds":2,"botania:orange_mushroom":2,"oreberriesreplanted:tin_oreberry_bush":3,"oreberriesreplanted:tin_oreberry":5,"minecraft:bread":29,"psychadelic:chemistrybook":1,"minecraft:coal":51},"minecraft:broken":{"minecraft:wooden_pickaxe":1,"minecraft:stone_pickaxe":3,"minecraft:wooden_sword":1},"minecraft:killed_by":{"thermal:blitz":2,"minecraft:skeleton":1,"minecraft:zombie":1}},"DataVersion":3465}