{"stats":{"minecraft:killed":{"minecraft:skeleton":1},"minecraft:mined":{"minecraft:grass":23,"minecraft:grass_block":1,"minecraft:acacia_leaves":4,"minecraft:tall_grass":3},"minecraft:dropped":{"psychadelic:chemistrybook":1,"ars_nouveau:worn_notebook":1,"thermal:spinach_seeds":2,"thermal:peanut_seeds":2,"alexsmobs:animal_dictionary":1},"minecraft:used":{"minecraft:dirt":1},"minecraft:picked_up":{"thermal:peanut_seeds":4,"thermal:corn_seeds":1,"ars_nouveau:worn_notebook":1,"psychadelic:chemistrybook":1,"thermal:spinach_seeds":3,"alexsmobs:animal_dictionary":1,"minecraft:dirt":1},"minecraft:custom":{"minecraft:time_since_rest":1504,"minecraft:walk_one_cm":11341,"minecraft:sprint_one_cm":7978,"minecraft:play_time":12333,"minecraft:damage_taken":480,"minecraft:deaths":1,"minecraft:mob_kills":1,"minecraft:drop":7,"minecraft:jump":149,"minecraft:damage_dealt":183,"minecraft:leave_game":1,"minecraft:time_since_death":1479,"minecraft:total_world_time":12333,"minecraft:fall_one_cm":5109,"minecraft:fly_one_cm":18356},"minecraft:killed_by":{"minecraft:skeleton":1}},"DataVersion":3465}