{"stats":{"minecraft:killed":{"minecraft:spider":2,"minecraft:skeleton":3,"minecraft:zombie":8},"minecraft:crafted":{"minecraft:wooden_sword":1,"minecraft:oak_planks":24,"minecraft:crafting_table":2,"minecraft:wooden_pickaxe":1,"minecraft:furnace":1,"productivebees:acacia_wood_nest":1,"minecraft:acacia_planks":12},"minecraft:mined":{"minecraft:acacia_leaves":8,"thermal:sulfur_ore":4,"biomesoplenty:desert_grass":1,"thermal:tin_ore":6,"thermal:apatite_ore":6,"psychadelic:copper_oxide_ore":4,"minecraft:crafting_table":1,"minecraft:torch":4,"minecraft:acacia_log":19,"minecraft:grass_block":7,"mekanism:tin_ore":9,"minecraft:copper_ore":3,"minecraft:cobblestone":7,"minecraft:tall_grass":8,"minecraft:wall_torch":7,"botania:blue_mushroom":1,"productivebees:acacia_wood_nest":1,"psychadelic:sodium_chlorideore":47,"minecraft:iron_ore":33,"minecraft:grass":109,"minecraft:coal_ore":40,"mekanism:lead_ore":1,"minecraft:oak_log":6,"minecraft:gravel":9,"minecraft:dirt":14,"minecraft:stone":183,"minecraft:oak_leaves":2},"minecraft:dropped":{"psychadelic:chemistrybook":1,"thermal:spinach_seeds":2,"minecraft:wheat_seeds":4,"alexsmobs:animal_dictionary":1,"minecraft:cobblestone":145,"ars_nouveau:worn_notebook":1,"minecraft:leather_boots":1,"thermal:rice_seeds":1,"thermal:peanut_seeds":2,"minecraft:beef":6,"minecraft:wooden_pickaxe":1,"minecraft:acacia_planks":5},"minecraft:used":{"minecraft:acacia_log":3,"minecraft:stone_pickaxe":291,"minecraft:wooden_pickaxe":65,"minecraft:orange_bed":1,"minecraft:torch":20,"minecraft:dirt":10,"minecraft:mutton":5,"minecraft:crafting_table":3,"ars_nouveau:bastion_pod":1,"minecraft:acacia_sapling":7,"minecraft:black_bed":1,"minecraft:bread":11,"minecraft:wooden_sword":67,"minecraft:cobblestone":35,"minecraft:furnace":1},"minecraft:custom":{"minecraft:interact_with_furnace":1,"minecraft:mob_kills":13,"minecraft:interact_with_crafting_table":7,"minecraft:leave_game":1,"minecraft:time_since_death":39188,"minecraft:sleep_in_bed":1,"minecraft:time_since_rest":13105,"minecraft:sprint_one_cm":65860,"minecraft:damage_taken":1799,"minecraft:walk_one_cm":150124,"minecraft:drop":24,"minecraft:damage_dealt":2799,"minecraft:talked_to_villager":1,"minecraft:player_kills":1,"minecraft:fly_one_cm":114523,"minecraft:open_chest":1,"minecraft:crouch_one_cm":4954,"minecraft:play_time":72333,"minecraft:deaths":6,"minecraft:sneak_time":3199,"minecraft:jump":964,"minecraft:walk_on_water_one_cm":726,"minecraft:total_world_time":72333,"minecraft:fall_one_cm":24455},"minecraft:picked_up":{"minecraft:crafting_table":2,"mekanism:raw_lead":1,"botania:blue_mushroom":1,"alexsmobs:acacia_blossom":1,"minecraft:wooden_pickaxe":2,"minecraft:flint":1,"minecraft:oak_log":6,"minecraft:string":4,"minecraft:dirt":38,"minecraft:raw_copper":11,"minecraft:wooden_sword":2,"minecraft:leather_boots":1,"minecraft:bone":2,"psychadelic:sodium_chloride":46,"minecraft:acacia_planks":5,"thermal:sulfur":18,"minecraft:wheat_seeds":8,"minecraft:bucket":1,"minecraft:beef":6,"minecraft:stone_pickaxe":4,"minecraft:acacia_sapling":13,"thermal:spinach_seeds":3,"minecraft:oak_planks":18,"minecraft:raw_iron":33,"thermal:raw_tin":6,"minecraft:stick":4,"thermal:blitz_rod":1,"thermal:strawberry_seeds":1,"thermal:sadiroot_seeds":1,"minecraft:torch":40,"minecraft:acacia_log":21,"minecraft:gravel":15,"ars_nouveau:bastion_pod":1,"productivebees:acacia_wood_nest":2,"mekanism:raw_tin":9,"alexsmobs:animal_dictionary":1,"thermal:apatite":37,"thermal:rice_seeds":2,"minecraft:orange_bed":1,"thermal:peanut_seeds":4,"minecraft:arrow":2,"minecraft:rotten_flesh":14,"thermal:corn_seeds":2,"ars_nouveau:worn_notebook":1,"minecraft:bread":20,"minecraft:mutton":6,"psychadelic:chemistrybook":1,"minecraft:coal":40,"psychadelic:copper_oxide":4,"minecraft:white_wool":3,"minecraft:cobblestone":261},"minecraft:broken":{"minecraft:stone_pickaxe":2,"minecraft:wooden_pickaxe":1},"minecraft:killed_by":{"minecraft:skeleton":1,"minecraft:zombie":1,"thermal:blitz":2}},"DataVersion":3465}