{"stats":{"minecraft:killed":{"minecraft:skeleton":2,"minecraft:zombie":6},"minecraft:crafted":{"minecraft:wooden_sword":1,"minecraft:oak_planks":24,"minecraft:crafting_table":2,"minecraft:wooden_pickaxe":1,"productivebees:acacia_wood_nest":1,"minecraft:acacia_planks":12},"minecraft:mined":{"minecraft:acacia_leaves":8,"biomesoplenty:desert_grass":1,"thermal:tin_ore":6,"minecraft:crafting_table":1,"minecraft:acacia_log":19,"minecraft:grass_block":7,"minecraft:cobblestone":7,"minecraft:tall_grass":8,"minecraft:wall_torch":6,"productivebees:acacia_wood_nest":1,"psychadelic:sodium_chlorideore":1,"minecraft:grass":109,"minecraft:oak_log":6,"minecraft:gravel":5,"minecraft:dirt":14,"minecraft:stone":134,"minecraft:oak_leaves":2},"minecraft:dropped":{"psychadelic:chemistrybook":1,"thermal:spinach_seeds":2,"minecraft:wheat_seeds":4,"alexsmobs:animal_dictionary":1,"minecraft:cobblestone":30,"ars_nouveau:worn_notebook":1,"minecraft:leather_boots":1,"thermal:rice_seeds":1,"thermal:peanut_seeds":2,"minecraft:beef":6,"minecraft:wooden_pickaxe":1,"minecraft:acacia_planks":5},"minecraft:used":{"minecraft:acacia_log":3,"minecraft:stone_pickaxe":94,"minecraft:wooden_pickaxe":63,"minecraft:orange_bed":1,"minecraft:torch":8,"minecraft:dirt":10,"minecraft:mutton":5,"minecraft:crafting_table":3,"minecraft:acacia_sapling":7,"minecraft:black_bed":1,"minecraft:bread":6,"minecraft:wooden_sword":41,"minecraft:cobblestone":5},"minecraft:custom":{"minecraft:mob_kills":8,"minecraft:interact_with_crafting_table":5,"minecraft:leave_game":1,"minecraft:time_since_death":27188,"minecraft:sleep_in_bed":1,"minecraft:time_since_rest":1105,"minecraft:sprint_one_cm":53863,"minecraft:damage_taken":1514,"minecraft:walk_one_cm":121045,"minecraft:drop":22,"minecraft:damage_dealt":1877,"minecraft:talked_to_villager":1,"minecraft:player_kills":1,"minecraft:fly_one_cm":107557,"minecraft:open_chest":1,"minecraft:crouch_one_cm":1850,"minecraft:play_time":60333,"minecraft:deaths":6,"minecraft:sneak_time":1626,"minecraft:jump":812,"minecraft:total_world_time":60333,"minecraft:fall_one_cm":22861},"minecraft:picked_up":{"minecraft:crafting_table":2,"alexsmobs:acacia_blossom":1,"minecraft:wooden_pickaxe":2,"minecraft:flint":1,"minecraft:oak_log":6,"minecraft:dirt":29,"minecraft:wooden_sword":2,"minecraft:leather_boots":1,"minecraft:bone":2,"minecraft:acacia_planks":5,"minecraft:wheat_seeds":8,"minecraft:bucket":1,"minecraft:beef":6,"minecraft:stone_pickaxe":1,"minecraft:acacia_sapling":13,"thermal:spinach_seeds":3,"minecraft:oak_planks":18,"thermal:raw_tin":6,"minecraft:stick":4,"thermal:blitz_rod":1,"thermal:strawberry_seeds":1,"thermal:sadiroot_seeds":1,"minecraft:torch":35,"minecraft:acacia_log":21,"minecraft:gravel":4,"productivebees:acacia_wood_nest":2,"alexsmobs:animal_dictionary":1,"thermal:rice_seeds":2,"minecraft:orange_bed":1,"thermal:peanut_seeds":4,"minecraft:arrow":2,"minecraft:rotten_flesh":11,"thermal:corn_seeds":2,"ars_nouveau:worn_notebook":1,"minecraft:bread":20,"minecraft:mutton":6,"psychadelic:chemistrybook":1,"minecraft:white_wool":3,"minecraft:cobblestone":148},"minecraft:broken":{"minecraft:wooden_pickaxe":1},"minecraft:killed_by":{"minecraft:skeleton":1,"minecraft:zombie":1,"thermal:blitz":2}},"DataVersion":3465}