{"stats":{"minecraft:killed":{"minecraft:skeleton":2},"minecraft:crafted":{"minecraft:wooden_sword":1,"minecraft:oak_planks":24,"minecraft:crafting_table":1,"productivebees:acacia_wood_nest":1},"minecraft:mined":{"minecraft:acacia_leaves":8,"productivebees:acacia_wood_nest":1,"biomesoplenty:desert_grass":1,"minecraft:crafting_table":1,"minecraft:grass":98,"minecraft:acacia_log":19,"minecraft:grass_block":3,"minecraft:oak_log":6,"minecraft:dirt":10,"minecraft:tall_grass":6,"minecraft:oak_leaves":2},"minecraft:dropped":{"psychadelic:chemistrybook":1,"thermal:spinach_seeds":2,"ars_nouveau:worn_notebook":1,"alexsmobs:animal_dictionary":1,"thermal:peanut_seeds":2},"minecraft:used":{"minecraft:acacia_log":3,"minecraft:wooden_sword":23,"minecraft:dirt":10,"minecraft:mutton":1,"minecraft:crafting_table":2,"minecraft:acacia_sapling":7},"minecraft:picked_up":{"thermal:blitz_rod":1,"minecraft:crafting_table":2,"minecraft:stick":2,"thermal:strawberry_seeds":1,"alexsmobs:acacia_blossom":1,"thermal:sadiroot_seeds":1,"minecraft:acacia_log":18,"minecraft:oak_log":6,"productivebees:acacia_wood_nest":2,"minecraft:dirt":21,"alexsmobs:animal_dictionary":1,"minecraft:wooden_sword":2,"minecraft:orange_bed":1,"thermal:peanut_seeds":4,"minecraft:bone":2,"minecraft:arrow":2,"thermal:corn_seeds":2,"minecraft:wheat_seeds":4,"ars_nouveau:worn_notebook":1,"thermal:spinach_seeds":3,"psychadelic:chemistrybook":1,"minecraft:mutton":6,"minecraft:oak_planks":18,"minecraft:acacia_sapling":10,"minecraft:white_wool":3},"minecraft:custom":{"minecraft:time_since_rest":3215,"minecraft:damage_taken":1269,"minecraft:sprint_one_cm":32067,"minecraft:walk_one_cm":63734,"minecraft:mob_kills":2,"minecraft:drop":7,"minecraft:damage_dealt":1043,"minecraft:interact_with_crafting_table":3,"minecraft:fly_one_cm":79398,"minecraft:player_kills":1,"minecraft:open_chest":1,"minecraft:crouch_one_cm":588,"minecraft:play_time":36333,"minecraft:deaths":6,"minecraft:sneak_time":436,"minecraft:jump":497,"minecraft:leave_game":1,"minecraft:time_since_death":3188,"minecraft:total_world_time":36333,"minecraft:fall_one_cm":18010},"minecraft:killed_by":{"minecraft:skeleton":1,"minecraft:zombie":1,"thermal:blitz":2}},"DataVersion":3465}