{"stats":{"minecraft:used":{"minecraft:stone_sword":249,"minecraft:acacia_log":3,"minecraft:shield":2,"minecraft:rotten_flesh":2,"minecraft:orange_bed":6,"minecraft:torch":40,"minecraft:dirt":11,"minecraft:mutton":5,"ars_nouveau:bastion_pod":1,"minecraft:acacia_sapling":7,"minecraft:smooth_sandstone":1,"psychadelic:peyoteslice":2,"minecraft:furnace":2,"minecraft:potato":4,"minecraft:cooked_mutton":1,"minecraft:acacia_boat":2,"minecraft:stone_pickaxe":453,"minecraft:wooden_pickaxe":69,"minecraft:sand":3,"minecraft:crafting_table":6,"minecraft:mushroom_stew":4,"minerales_x:pene":1,"minecraft:black_bed":2,"minecraft:creeper_spawn_egg":1,"minecraft:apple":10,"minecraft:bread":69,"minecraft:cyan_bed":2,"minecraft:melon_slice":66,"minecraft:string":2,"minecraft:stone_axe":46,"minecraft:wooden_sword":74,"minecraft:cobblestone":75},"minecraft:mined":{"minecraft:tuff":7,"thermal:cinnabar_ore":2,"thermal:sulfur_ore":4,"minecraft:sculk_vein":6,"biomesoplenty:desert_grass":3,"thermal:tin_ore":6,"psychadelic:copper_oxide_ore":9,"minecraft:dark_oak_fence":1,"minecraft:acacia_log":19,"minecraft:mangrove_door":1,"minecraft:grass_block":9,"botania:orange_mushroom":1,"psychadelic:oil":2,"biomesoplenty:dune_grass":4,"minecraft:spawner":1,"minecraft:large_fern":3,"minecraft:hay_block":19,"productivebees:acacia_wood_nest":1,"minecraft:furnace":2,"psychadelic:manganesedioxideore":2,"minecraft:iron_ore":62,"oreberriesreplanted:copper_oreberry_bush":1,"minecraft:deepslate_iron_ore":9,"minecraft:stone":214,"minecraft:orange_bed":4,"minecraft:acacia_leaves":8,"thermal:apatite_ore":11,"minecraft:crafting_table":4,"minecraft:torch":4,"minecraft:calcite":1,"minecraft:rose_bush":1,"minecraft:melon":20,"minecraft:dead_bush":1,"mekanism:tin_ore":16,"minecraft:copper_ore":3,"minecraft:tall_grass":15,"minecraft:cobblestone":19,"biomesoplenty:sprout":1,"minecraft:lapis_ore":6,"minecraft:cyan_bed":2,"minecraft:sculk":7,"minecraft:wall_torch":8,"botania:blue_mushroom":1,"psychadelic:sodium_chlorideore":50,"minecraft:black_bed":1,"thermal:niter_ore":1,"minecraft:grass":138,"minecraft:coal_ore":40,"minecraft:oak_log":6,"mekanism:lead_ore":1,"minecraft:gravel":9,"minecraft:dirt":15,"minecraft:small_dripleaf":1,"minecraft:oak_leaves":6,"minecraft:deepslate":15,"minecraft:fern":6},"minecraft:dropped":{"psychadelic:chemistrybook":1,"minecraft:bread":5,"thermal:onion_seeds":4,"minecraft:acacia_boat":1,"minecraft:wheat_seeds":5,"botania:orange_mystical_flower":2,"minecraft:cobblestone":145,"minecraft:stick":1,"ars_nouveau:worn_notebook":1,"oreberriesreplanted:copper_oreberry_bush":1,"minecraft:jungle_button":1,"minecraft:ink_sac":2,"minecraft:torch":2,"minecraft:melon_slice":23,"botania:light_gray_mushroom":1,"minecraft:oak_stairs":2,"thermal:peanut_seeds":2,"minecraft:string":10,"minecraft:bucket":1,"minecraft:acacia_planks":10,"minecraft:redstone":16,"thermal:spinach_seeds":2,"alexsmobs:animal_dictionary":1,"minecraft:bowl":3,"minecraft:tuff":7,"minecraft:rotten_flesh":10,"sophisticatedbackpacks:backpack":1,"alexsmobs:emu_egg":2,"minecraft:carrot":1,"minecraft:filled_map":4,"minecraft:potato":1,"oreberriesreplanted:tin_oreberry_bush":3,"minecraft:iron_chestplate":2,"thermal:raw_silver":6,"biomesoplenty:wildflower":1,"minecraft:leather_boots":1,"minecraft:leather_leggings":2,"thermal:rice_seeds":3,"minecraft:beef":6,"minecraft:wooden_pickaxe":2,"minecraft:calcite":1},"minecraft:picked_up":{"minecraft:iron_chestplate":5,"minecraft:crafting_table":10,"thermal:raw_silver":6,"minecraft:leather_leggings":2,"botania:blue_mushroom":1,"thermal:cinnabar":3,"minecraft:wooden_pickaxe":6,"minecraft:oak_stairs":4,"minecraft:shield":4,"minecraft:string":30,"minecraft:moss_carpet":1,"minecraft:raw_copper":11,"minecraft:wooden_sword":2,"minecraft:iron_leggings":2,"thermal:sulfur":18,"alexsmobs:emu_feather":1,"minecraft:cobbled_deepslate":173,"minecraft:bucket":4,"minecraft:spruce_planks":1,"minecraft:beef":6,"minecraft:rose_bush":3,"thermal:niter":5,"minecraft:calcite":1,"minecraft:iron_pickaxe":4,"biomesoplenty:wildflower":1,"minecraft:melon_slice":89,"thermal:spinach_seeds":3,"minecraft:iron_boots":3,"minecraft:furnace":1,"minecraft:stick":5,"minecraft:raw_iron":71,"thermal:raw_lead":7,"thermal:sadiroot_seeds":1,"minecraft:torch":44,"minecraft:bowl":4,"minecraft:acacia_log":21,"sophisticatedbackpacks:backpack":2,"minecraft:carrot":1,"minecraft:redstone":16,"mekanism:raw_tin":16,"thermal:apatite":69,"minecraft:orange_bed":6,"thermal:peanut_seeds":4,"minecraft:stone_sword":5,"minecraft:arrow":66,"botania:orange_double_flower":4,"minecraft:rotten_flesh":31,"thermal:corn_seeds":2,"ars_nouveau:worn_notebook":1,"minecraft:shears":3,"minecraft:hay_block":18,"alexsmobs:emu_egg":7,"foodexpansion:squid":1,"farmersdelight:rope":1,"minecraft:gold_ingot":8,"minecraft:mangrove_door":4,"minecraft:mutton":6,"psychadelic:copper_oxide":9,"minecraft:white_wool":12,"minecraft:cobblestone":427,"minerales_x:pene":1,"mekanism:raw_lead":1,"minecraft:glow_ink_sac":3,"minecraft:black_bed":1,"alexsmobs:acacia_blossom":1,"minecraft:potato":4,"minecraft:filled_map":4,"botania:light_gray_mushroom":3,"minecraft:mushroom_stew":7,"minecraft:flint":4,"minecraft:tuff":35,"minecraft:lily_pad":86,"minecraft:oak_log":8,"minecraft:jungle_button":1,"minecraft:acacia_boat":3,"minecraft:lapis_lazuli":46,"minecraft:dirt":115,"botania:yellow_mushroom":3,"minecraft:cooked_mutton":4,"minecraft:leather_boots":1,"psychadelic:manganesedioxide":2,"minecraft:smooth_sandstone":1,"minecraft:bone":60,"psychadelic:sodium_chloride":49,"minecraft:acacia_planks":15,"minecraft:apple":10,"minecraft:wheat_seeds":15,"minecraft:creeper_spawn_egg":1,"minecraft:iron_ingot":53,"minecraft:stone_pickaxe":8,"minecraft:oak_planks":18,"minecraft:acacia_sapling":13,"minecraft:pillager_spawn_egg":1,"thermal:raw_tin":8,"thermal:blitz_rod":1,"minecraft:smooth_basalt":15,"psychadelic:peyoteslice":2,"thermal:strawberry_seeds":1,"minecraft:gravel":60,"oreberriesreplanted:copper_oreberry_bush":1,"ars_nouveau:bastion_pod":1,"minecraft:sand":3,"minecraft:amethyst_shard":27,"productivebees:acacia_wood_nest":2,"minecraft:ink_sac":2,"minecraft:cyan_bed":2,"thermal:onion_seeds":4,"minecraft:spider_eye":4,"alexsmobs:animal_dictionary":1,"minecraft:mossy_cobblestone":1,"thermal:rice_seeds":7,"minecraft:stone_axe":1,"botania:orange_mystical_flower":5,"minecraft:iron_helmet":2,"botania:orange_mushroom":2,"minecraft:crossbow":1,"oreberriesreplanted:tin_oreberry_bush":3,"oreberriesreplanted:tin_oreberry":5,"minecraft:emerald":6,"minecraft:bread":62,"psychadelic:chemistrybook":1,"minecraft:coal":51},"minecraft:custom":{"minecraft:mob_kills":54,"minecraft:interact_with_crafting_table":15,"minecraft:open_barrel":7,"minecraft:damage_dealt_resisted":72,"minecraft:leave_game":4,"minecraft:time_since_death":129429,"minecraft:climb_one_cm":5931,"minecraft:sprint_one_cm":490400,"minecraft:walk_one_cm":523664,"minecraft:damage_blocked_by_shield":60,"minecraft:drop":78,"minecraft:talked_to_villager":6,"minecraft:play_time":307847,"minecraft:sneak_time":10751,"minecraft:deaths":10,"minecraft:walk_under_water_one_cm":16267,"minecraft:boat_one_cm":949577,"minecraft:jump":5788,"minecraft:interact_with_blast_furnace":4,"minecraft:walk_on_water_one_cm":31787,"minecraft:total_world_time":307847,"minecraft:interact_with_furnace":12,"minecraft:sleep_in_bed":12,"minecraft:time_since_rest":7552,"minecraft:waystone_activated":4,"minecraft:damage_taken":7136,"minecraft:damage_dealt":12502,"minecraft:swim_one_cm":66418,"minecraft:player_kills":2,"minecraft:fly_one_cm":971291,"minecraft:open_chest":80,"minecraft:crouch_one_cm":19921,"minecraft:fall_one_cm":168437,"minecraft:horse_one_cm":901},"minecraft:broken":{"minecraft:stone_sword":2,"minecraft:wooden_pickaxe":1,"minecraft:stone_pickaxe":3,"minecraft:wooden_sword":1},"minecraft:killed":{"minecraft:spider":3,"minecraft:skeleton":14,"minecraft:husk":6,"alexsmobs:guster":1,"minecraft:pillager":11,"minecraft:zombie":14,"minerales_x:among_us":5},"minecraft:crafted":{"minecraft:wooden_sword":1,"minecraft:oak_planks":24,"minecraft:furnace":1,"minecraft:iron_boots":1,"productivebees:acacia_wood_nest":1,"minecraft:wheat":162,"minecraft:crafting_table":2,"minecraft:wooden_pickaxe":1,"minecraft:iron_helmet":1,"minecraft:bread":53,"minecraft:air":0,"minecraft:iron_chestplate":1,"minecraft:charcoal":12,"minecraft:stone_sword":2,"minecraft:iron_leggings":1,"minecraft:acacia_planks":12,"minecraft:shears":1},"minecraft:killed_by":{"minecraft:player":1,"thermal:blitz":2,"minecraft:skeleton":4,"minecraft:zombie":1}},"DataVersion":3465}