{"stats":{"minecraft:used":{"minecraft:stone_sword":195,"minecraft:acacia_log":3,"minecraft:shield":2,"minecraft:rotten_flesh":1,"minecraft:orange_bed":2,"minecraft:torch":40,"minecraft:dirt":10,"minecraft:mutton":5,"ars_nouveau:bastion_pod":1,"minecraft:acacia_sapling":7,"minecraft:furnace":2,"minecraft:potato":2,"minecraft:cooked_mutton":1,"minecraft:acacia_boat":2,"minecraft:stone_pickaxe":440,"minecraft:wooden_pickaxe":69,"minecraft:crafting_table":5,"minecraft:mushroom_stew":4,"minecraft:black_bed":2,"minecraft:creeper_spawn_egg":1,"minecraft:apple":10,"minecraft:cyan_bed":2,"minecraft:bread":38,"minecraft:melon_slice":7,"minecraft:stone_axe":4,"minecraft:wooden_sword":74,"minecraft:cobblestone":75},"minecraft:mined":{"minecraft:tuff":7,"thermal:cinnabar_ore":2,"thermal:sulfur_ore":4,"biomesoplenty:desert_grass":1,"thermal:tin_ore":6,"psychadelic:copper_oxide_ore":9,"minecraft:dark_oak_fence":1,"minecraft:acacia_log":19,"minecraft:grass_block":8,"minecraft:mangrove_door":1,"botania:orange_mushroom":1,"psychadelic:oil":2,"minecraft:spawner":1,"minecraft:hay_block":6,"minecraft:furnace":2,"productivebees:acacia_wood_nest":1,"psychadelic:manganesedioxideore":2,"minecraft:iron_ore":62,"oreberriesreplanted:copper_oreberry_bush":1,"minecraft:deepslate_iron_ore":9,"minecraft:stone":214,"minecraft:acacia_leaves":8,"thermal:apatite_ore":11,"minecraft:crafting_table":3,"minecraft:torch":4,"minecraft:calcite":1,"minecraft:melon":2,"mekanism:tin_ore":16,"minecraft:tall_grass":9,"minecraft:copper_ore":3,"minecraft:cobblestone":19,"minecraft:cyan_bed":2,"minecraft:lapis_ore":6,"minecraft:wall_torch":8,"botania:blue_mushroom":1,"psychadelic:sodium_chlorideore":50,"minecraft:black_bed":1,"minecraft:grass":132,"thermal:niter_ore":1,"minecraft:oak_log":6,"minecraft:coal_ore":40,"mekanism:lead_ore":1,"minecraft:gravel":9,"minecraft:dirt":15,"minecraft:small_dripleaf":1,"minecraft:oak_leaves":3,"minecraft:deepslate":15},"minecraft:dropped":{"psychadelic:chemistrybook":1,"minecraft:bread":4,"thermal:onion_seeds":4,"minecraft:wheat_seeds":5,"botania:orange_mystical_flower":2,"minecraft:cobblestone":145,"ars_nouveau:worn_notebook":1,"oreberriesreplanted:copper_oreberry_bush":1,"minecraft:torch":2,"minecraft:melon_slice":6,"botania:light_gray_mushroom":1,"thermal:peanut_seeds":2,"minecraft:string":6,"minecraft:bucket":1,"minecraft:acacia_planks":10,"minecraft:redstone":16,"thermal:spinach_seeds":2,"alexsmobs:animal_dictionary":1,"minecraft:bowl":3,"minecraft:tuff":7,"minecraft:rotten_flesh":10,"sophisticatedbackpacks:backpack":1,"alexsmobs:emu_egg":2,"minecraft:carrot":1,"minecraft:potato":1,"oreberriesreplanted:tin_oreberry_bush":3,"minecraft:iron_chestplate":2,"thermal:raw_silver":6,"minecraft:leather_boots":1,"minecraft:leather_leggings":2,"thermal:rice_seeds":3,"minecraft:wooden_pickaxe":2,"minecraft:beef":6,"minecraft:calcite":1},"minecraft:picked_up":{"minecraft:crafting_table":8,"minecraft:iron_chestplate":5,"thermal:raw_silver":6,"minecraft:leather_leggings":2,"botania:blue_mushroom":1,"thermal:cinnabar":3,"minecraft:wooden_pickaxe":6,"minecraft:shield":4,"minecraft:string":30,"minecraft:raw_copper":11,"minecraft:wooden_sword":2,"minecraft:iron_leggings":2,"thermal:sulfur":18,"minecraft:cobbled_deepslate":173,"minecraft:bucket":4,"minecraft:spruce_planks":1,"minecraft:beef":6,"thermal:niter":5,"minecraft:calcite":1,"minecraft:iron_pickaxe":4,"minecraft:melon_slice":13,"thermal:spinach_seeds":3,"minecraft:furnace":1,"minecraft:iron_boots":3,"minecraft:stick":4,"minecraft:raw_iron":71,"minecraft:acacia_log":21,"minecraft:torch":44,"thermal:sadiroot_seeds":1,"thermal:raw_lead":7,"minecraft:bowl":4,"sophisticatedbackpacks:backpack":2,"minecraft:carrot":1,"minecraft:redstone":16,"mekanism:raw_tin":16,"thermal:apatite":69,"minecraft:orange_bed":2,"thermal:peanut_seeds":4,"minecraft:stone_sword":5,"minecraft:arrow":63,"minecraft:rotten_flesh":30,"botania:orange_double_flower":4,"thermal:corn_seeds":2,"ars_nouveau:worn_notebook":1,"minecraft:shears":3,"minecraft:hay_block":5,"alexsmobs:emu_egg":7,"minecraft:gold_ingot":8,"minecraft:mangrove_door":4,"minecraft:mutton":6,"psychadelic:copper_oxide":9,"minecraft:white_wool":12,"minecraft:cobblestone":426,"mekanism:raw_lead":1,"minecraft:glow_ink_sac":3,"minecraft:black_bed":1,"alexsmobs:acacia_blossom":1,"minecraft:potato":4,"botania:light_gray_mushroom":3,"minecraft:mushroom_stew":7,"minecraft:flint":4,"minecraft:tuff":35,"minecraft:oak_log":6,"minecraft:acacia_boat":2,"minecraft:lapis_lazuli":46,"minecraft:dirt":103,"psychadelic:manganesedioxide":2,"botania:yellow_mushroom":3,"minecraft:leather_boots":1,"minecraft:cooked_mutton":4,"minecraft:bone":59,"psychadelic:sodium_chloride":49,"minecraft:acacia_planks":15,"minecraft:apple":10,"minecraft:wheat_seeds":14,"minecraft:creeper_spawn_egg":1,"minecraft:stone_pickaxe":8,"minecraft:iron_ingot":53,"minecraft:acacia_sapling":13,"minecraft:oak_planks":18,"minecraft:pillager_spawn_egg":1,"thermal:raw_tin":8,"thermal:blitz_rod":1,"minecraft:smooth_basalt":15,"thermal:strawberry_seeds":1,"oreberriesreplanted:copper_oreberry_bush":1,"minecraft:gravel":60,"minecraft:sand":3,"ars_nouveau:bastion_pod":1,"minecraft:amethyst_shard":27,"productivebees:acacia_wood_nest":2,"minecraft:cyan_bed":2,"thermal:onion_seeds":4,"minecraft:spider_eye":4,"alexsmobs:animal_dictionary":1,"thermal:rice_seeds":6,"minecraft:stone_axe":1,"minecraft:crossbow":1,"botania:orange_mystical_flower":5,"minecraft:iron_helmet":2,"botania:orange_mushroom":2,"oreberriesreplanted:tin_oreberry_bush":3,"oreberriesreplanted:tin_oreberry":5,"minecraft:emerald":6,"minecraft:bread":33,"psychadelic:chemistrybook":1,"minecraft:coal":51},"minecraft:custom":{"minecraft:mob_kills":43,"minecraft:interact_with_crafting_table":11,"minecraft:open_barrel":6,"minecraft:damage_dealt_resisted":72,"minecraft:leave_game":3,"minecraft:time_since_death":4139,"minecraft:climb_one_cm":2574,"minecraft:sprint_one_cm":223067,"minecraft:walk_one_cm":395984,"minecraft:damage_blocked_by_shield":60,"minecraft:drop":62,"minecraft:talked_to_villager":2,"minecraft:play_time":182557,"minecraft:sneak_time":7897,"minecraft:deaths":10,"minecraft:walk_under_water_one_cm":8584,"minecraft:boat_one_cm":72476,"minecraft:jump":2217,"minecraft:interact_with_blast_furnace":4,"minecraft:walk_on_water_one_cm":9803,"minecraft:total_world_time":182557,"minecraft:interact_with_furnace":12,"minecraft:sleep_in_bed":7,"minecraft:time_since_rest":4166,"minecraft:damage_taken":5280,"minecraft:damage_dealt":10420,"minecraft:swim_one_cm":15929,"minecraft:player_kills":1,"minecraft:fly_one_cm":255904,"minecraft:open_chest":46,"minecraft:crouch_one_cm":15276,"minecraft:fall_one_cm":56533},"minecraft:broken":{"minecraft:stone_sword":1,"minecraft:wooden_pickaxe":1,"minecraft:stone_pickaxe":3,"minecraft:wooden_sword":1},"minecraft:killed":{"minecraft:spider":3,"minecraft:skeleton":11,"minecraft:husk":5,"alexsmobs:guster":1,"minecraft:pillager":11,"minecraft:zombie":11,"minerales_x:among_us":1},"minecraft:crafted":{"minecraft:wooden_sword":1,"minecraft:oak_planks":24,"minecraft:furnace":1,"minecraft:iron_boots":1,"productivebees:acacia_wood_nest":1,"minecraft:wheat":45,"minecraft:crafting_table":2,"minecraft:wooden_pickaxe":1,"minecraft:iron_helmet":1,"minecraft:bread":14,"minecraft:air":0,"minecraft:iron_chestplate":1,"minecraft:charcoal":12,"minecraft:iron_leggings":1,"minecraft:acacia_planks":12,"minecraft:shears":1},"minecraft:killed_by":{"minecraft:player":1,"thermal:blitz":2,"minecraft:skeleton":4,"minecraft:zombie":1}},"DataVersion":3465}