{"stats":{"minecraft:dropped":{"thermal:spinach_seeds":1,"thermal:peanut_seeds":1},"minecraft:picked_up":{"thermal:peanut_seeds":1,"thermal:corn_seeds":1,"thermal:spinach_seeds":1,"minecraft:dirt":1},"minecraft:used":{"minecraft:dirt":1},"minecraft:mined":{"minecraft:grass":19,"minecraft:grass_block":1,"minecraft:acacia_leaves":4},"minecraft:custom":{"minecraft:jump":43,"minecraft:time_since_rest":7563,"minecraft:sprint_one_cm":3078,"minecraft:leave_game":1,"minecraft:play_time":7563,"minecraft:damage_taken":20,"minecraft:time_since_death":7563,"minecraft:walk_one_cm":4240,"minecraft:total_world_time":7563,"minecraft:drop":2,"minecraft:fall_one_cm":1449,"minecraft:fly_one_cm":5831}},"DataVersion":3465}