{"stats":{"minecraft:killed":{"minecraft:spider":2,"minecraft:skeleton":3,"minecraft:zombie":9},"minecraft:crafted":{"minecraft:wooden_sword":1,"minecraft:oak_planks":24,"minecraft:crafting_table":2,"minecraft:wooden_pickaxe":1,"minecraft:furnace":1,"productivebees:acacia_wood_nest":1,"minecraft:acacia_planks":12},"minecraft:mined":{"minecraft:acacia_leaves":8,"thermal:cinnabar_ore":1,"thermal:sulfur_ore":4,"biomesoplenty:desert_grass":1,"thermal:tin_ore":6,"thermal:apatite_ore":11,"psychadelic:copper_oxide_ore":9,"minecraft:crafting_table":1,"minecraft:torch":4,"minecraft:acacia_log":19,"minecraft:grass_block":7,"minecraft:calcite":1,"mekanism:tin_ore":12,"botania:orange_mushroom":1,"minecraft:copper_ore":3,"minecraft:tall_grass":8,"minecraft:cobblestone":8,"minecraft:wall_torch":7,"botania:blue_mushroom":1,"productivebees:acacia_wood_nest":1,"psychadelic:sodium_chlorideore":47,"minecraft:iron_ore":48,"minecraft:grass":109,"minecraft:oak_log":6,"minecraft:coal_ore":40,"mekanism:lead_ore":1,"minecraft:gravel":9,"minecraft:dirt":14,"minecraft:stone":193,"minecraft:oak_leaves":2},"minecraft:dropped":{"psychadelic:chemistrybook":1,"minecraft:bread":1,"thermal:spinach_seeds":2,"minecraft:wheat_seeds":4,"alexsmobs:animal_dictionary":1,"minecraft:cobblestone":145,"ars_nouveau:worn_notebook":1,"minecraft:leather_boots":1,"thermal:rice_seeds":1,"minecraft:wooden_pickaxe":1,"minecraft:beef":6,"thermal:peanut_seeds":2,"minecraft:acacia_planks":5},"minecraft:used":{"minecraft:acacia_log":3,"minecraft:stone_pickaxe":333,"minecraft:wooden_pickaxe":65,"minecraft:orange_bed":1,"minecraft:torch":27,"minecraft:dirt":10,"minecraft:mutton":5,"minecraft:crafting_table":3,"ars_nouveau:bastion_pod":1,"minecraft:acacia_sapling":7,"minecraft:black_bed":1,"minecraft:bread":15,"minecraft:wooden_sword":73,"minecraft:cobblestone":54,"minecraft:furnace":1},"minecraft:custom":{"minecraft:interact_with_furnace":2,"minecraft:mob_kills":14,"minecraft:interact_with_crafting_table":7,"minecraft:leave_game":2,"minecraft:time_since_death":50328,"minecraft:sleep_in_bed":1,"minecraft:time_since_rest":24245,"minecraft:sprint_one_cm":84316,"minecraft:damage_taken":1989,"minecraft:walk_one_cm":173110,"minecraft:drop":25,"minecraft:damage_dealt":2997,"minecraft:player_kills":1,"minecraft:swim_one_cm":9858,"minecraft:talked_to_villager":1,"minecraft:fly_one_cm":132090,"minecraft:open_chest":2,"minecraft:play_time":83473,"minecraft:crouch_one_cm":7487,"minecraft:sneak_time":4377,"minecraft:deaths":6,"minecraft:walk_under_water_one_cm":3437,"minecraft:jump":1199,"minecraft:walk_on_water_one_cm":3147,"minecraft:total_world_time":83473,"minecraft:fall_one_cm":31986},"minecraft:picked_up":{"minecraft:crafting_table":2,"mekanism:raw_lead":1,"thermal:cinnabar":2,"botania:blue_mushroom":1,"alexsmobs:acacia_blossom":1,"minecraft:wooden_pickaxe":2,"minecraft:flint":1,"minecraft:oak_log":6,"minecraft:string":4,"minecraft:dirt":38,"minecraft:raw_copper":11,"minecraft:wooden_sword":2,"minecraft:leather_boots":1,"minecraft:bone":2,"psychadelic:sodium_chloride":46,"minecraft:acacia_planks":5,"thermal:sulfur":18,"minecraft:wheat_seeds":8,"minecraft:bucket":1,"minecraft:beef":6,"minecraft:stone_pickaxe":4,"minecraft:calcite":1,"minecraft:iron_pickaxe":1,"thermal:spinach_seeds":3,"minecraft:oak_planks":18,"minecraft:acacia_sapling":13,"thermal:raw_tin":6,"minecraft:stick":4,"minecraft:raw_iron":48,"thermal:blitz_rod":1,"thermal:strawberry_seeds":1,"thermal:sadiroot_seeds":1,"minecraft:torch":40,"minecraft:acacia_log":21,"minecraft:gravel":15,"ars_nouveau:bastion_pod":1,"productivebees:acacia_wood_nest":2,"mekanism:raw_tin":12,"alexsmobs:animal_dictionary":1,"thermal:apatite":69,"thermal:rice_seeds":2,"minecraft:orange_bed":1,"thermal:peanut_seeds":4,"minecraft:stone_sword":1,"minecraft:arrow":2,"minecraft:rotten_flesh":15,"thermal:corn_seeds":2,"ars_nouveau:worn_notebook":1,"botania:orange_mushroom":2,"minecraft:bread":21,"psychadelic:chemistrybook":1,"minecraft:mutton":6,"minecraft:coal":40,"psychadelic:copper_oxide":9,"minecraft:white_wool":3,"minecraft:cobblestone":272},"minecraft:broken":{"minecraft:stone_pickaxe":2,"minecraft:wooden_pickaxe":1},"minecraft:killed_by":{"minecraft:skeleton":1,"minecraft:zombie":1,"thermal:blitz":2}},"DataVersion":3465}