{"stats":{"minecraft:killed":{"minecraft:skeleton":2},"minecraft:crafted":{"minecraft:wooden_sword":1,"minecraft:oak_planks":24,"minecraft:crafting_table":2,"minecraft:wooden_pickaxe":1,"productivebees:acacia_wood_nest":1,"minecraft:acacia_planks":12},"minecraft:mined":{"minecraft:acacia_leaves":8,"productivebees:acacia_wood_nest":1,"biomesoplenty:desert_grass":1,"minecraft:crafting_table":1,"minecraft:grass":104,"minecraft:acacia_log":19,"minecraft:grass_block":3,"minecraft:oak_log":6,"minecraft:dirt":10,"minecraft:tall_grass":8,"minecraft:oak_leaves":2},"minecraft:dropped":{"psychadelic:chemistrybook":1,"thermal:spinach_seeds":2,"ars_nouveau:worn_notebook":1,"alexsmobs:animal_dictionary":1,"minecraft:beef":3,"thermal:peanut_seeds":2},"minecraft:used":{"minecraft:acacia_log":3,"minecraft:bread":4,"minecraft:orange_bed":1,"minecraft:wooden_sword":23,"minecraft:dirt":10,"minecraft:mutton":5,"minecraft:crafting_table":3,"minecraft:acacia_sapling":7},"minecraft:picked_up":{"thermal:blitz_rod":1,"minecraft:crafting_table":2,"minecraft:stick":4,"thermal:strawberry_seeds":1,"alexsmobs:acacia_blossom":1,"thermal:sadiroot_seeds":1,"minecraft:acacia_log":21,"minecraft:oak_log":6,"productivebees:acacia_wood_nest":2,"minecraft:dirt":21,"alexsmobs:animal_dictionary":1,"thermal:rice_seeds":1,"minecraft:wooden_sword":2,"minecraft:orange_bed":1,"thermal:peanut_seeds":4,"minecraft:bone":2,"minecraft:arrow":2,"thermal:corn_seeds":2,"minecraft:wheat_seeds":8,"ars_nouveau:worn_notebook":1,"minecraft:beef":3,"minecraft:bread":20,"thermal:spinach_seeds":3,"psychadelic:chemistrybook":1,"minecraft:mutton":6,"minecraft:oak_planks":18,"minecraft:acacia_sapling":13,"minecraft:white_wool":3},"minecraft:custom":{"minecraft:time_since_rest":15215,"minecraft:damage_taken":1389,"minecraft:sprint_one_cm":45823,"minecraft:walk_one_cm":97497,"minecraft:mob_kills":2,"minecraft:drop":10,"minecraft:damage_dealt":1135,"minecraft:interact_with_crafting_table":5,"minecraft:fly_one_cm":103482,"minecraft:player_kills":1,"minecraft:open_chest":1,"minecraft:crouch_one_cm":741,"minecraft:play_time":48333,"minecraft:deaths":6,"minecraft:sneak_time":494,"minecraft:jump":677,"minecraft:leave_game":1,"minecraft:time_since_death":15188,"minecraft:total_world_time":48333,"minecraft:fall_one_cm":22244},"minecraft:killed_by":{"minecraft:skeleton":1,"minecraft:zombie":1,"thermal:blitz":2}},"DataVersion":3465}