{"stats":{"minecraft:killed":{"minecraft:spider":6,"minecraft:skeleton":29,"alexsmobs:straddler":8,"alexsmobs:stradpole":3,"minecraft:creeper":1,"alexsmobs:crimson_mosquito":1,"minecraft:pillager":11,"minecraft:zombie":30,"minecraft:glow_squid":1,"minecraft:cow":1,"minecraft:slime":3,"minecraft:husk":6,"alexsmobs:guster":1,"minerales_x:among_us":5,"minecraft:enderman":29},"minecraft:picked_up":{"minecraft:iron_chestplate":6,"mekanism:raw_uranium":54,"botania:blue_mushroom":3,"minecraft:oak_stairs":6,"minecraft:enchanted_book":3,"minecraft:brewing_stand":2,"botania:light_blue_mushroom":2,"botania:mana_pearl":2,"minecraft:string":32,"minecraft:raw_copper":42,"thermal:barley_seeds":10,"minecraft:iron_leggings":3,"thermal:sulfur":62,"alexsmobs:emu_feather":1,"minecraft:gold_nugget":77,"minecraft:cobbled_deepslate":231,"minecraft:bucket":4,"minecraft:spruce_planks":2,"minecraft:white_tulip":2,"minecraft:rose_bush":6,"minecraft:calcite":496,"minecraft:iron_pickaxe":4,"minecraft:melon_slice":222,"thermal:spinach_seeds":13,"minecraft:iron_boots":5,"minecraft:furnace":4,"minecraft:stick":77,"minecraft:torch":123,"minecraft:acacia_log":29,"thermal:raw_lead":7,"botania:yellow_petal":1,"botania:yellow_mystical_flower":3,"thermal:sadiroot_seeds":28,"minecraft:green_bed":1,"minecraft:golden_axe":1,"minecraft:cherry_log":58,"thermal:flax_seeds":10,"mekanism:raw_tin":49,"minecraft:goat_horn":2,"minecraft:orange_bed":6,"thermal:apatite":113,"minecraft:zombie_spawn_egg":1,"botania:white_mystical_flower":1,"easy_villagers:villager":1,"botania:manasteel_ingot":8,"minecraft:stone_sword":6,"minecraft:cactus":2,"minecraft:rotten_flesh":57,"botania:orange_double_flower":4,"thermal:corn_seeds":9,"botania:livingrock":17,"ars_nouveau:worn_notebook":3,"oreberriesreplanted:aluminum_oreberry_bush":5,"minecraft:iron_block":5,"thermal:radish_seeds":19,"foodexpansion:squid":8,"alexsmobs:emu_egg":8,"farmersdelight:rope":1,"botania:livingwood_log":48,"ars_nouveau:sourceberry_bush":2,"minecraft:mangrove_door":4,"minecraft:obsidian":53,"psychadelic:copper_oxide":9,"minecraft:cobblestone":2493,"minecraft:cave_spider_spawn_egg":1,"botania:cyan_mushroom":3,"minecraft:pink_petals":160,"minecraft:cooked_beef":8,"minecraft:repeater":21,"minecraft:water_bucket":3,"minecraft:andesite":871,"minecraft:black_bed":1,"minecraft:potato":35,"minecraft:flint":31,"minecraft:tuff":35,"psychadelic:copper_i_ichloridepulver":10,"minecraft:acacia_boat":5,"minecraft:dirt":1621,"minecraft:lapis_lazuli":126,"farmersdelight:tomato":2,"minecraft:leather_boots":1,"minecraft:bone":105,"psychadelic:sodium_chloride":151,"minecraft:acacia_planks":15,"botania:cyan_mystical_flower":3,"minecraft:bow":1,"minecraft:wheat_seeds":441,"ars_nouveau:source_gem":3,"minecraft:raw_gold":24,"botania:purple_mystical_flower":4,"botania:gray_mushroom":1,"minecraft:bamboo":15,"minecraft:glowstone_dust":200,"minecraft:stone_hoe":1,"minecraft:oak_planks":21,"thermal:raw_tin":33,"thermal:bell_pepper_seeds":4,"minecraft:sheep_spawn_egg":4,"minecraft:cooked_porkchop":6,"oreberriesreplanted:copper_oreberry_bush":1,"minecraft:sand":3,"minecraft:ink_sac":2,"minecraft:grass_block":3,"minecraft:cyan_bed":2,"thermal:onion_seeds":20,"minecraft:spectral_arrow":12,"alexsmobs:animal_dictionary":3,"minecraft:mossy_cobblestone":2,"minecraft:diamond":11,"waystones:waystone":3,"thermal:eggplant_seeds":15,"botania:orange_mushroom":6,"minecraft:crossbow":1,"oreberriesreplanted:tin_oreberry":5,"minecraft:bread":99,"minecraft:golden_horse_armor":1,"minecraft:emerald":24,"minecraft:oak_sapling":61,"minecraft:netherrack":333,"minecraft:diamond_pickaxe":1,"minecraft:charcoal":9,"minecraft:crafting_table":14,"minecraft:allium":14,"minecraft:azure_bluet":6,"botania:white_mushroom":1,"thermal:raw_silver":6,"minecraft:leather_leggings":2,"thermal:cinnabar":6,"minecraft:wooden_pickaxe":6,"minecraft:shield":5,"minecraft:cornflower":3,"minecraft:moss_carpet":1,"botania:endoflame":3,"minecraft:wooden_sword":2,"thermal:raw_nickel":7,"minecraft:blackstone":35,"psychadelic:san_pedro_stage_2":1,"botania:pure_daisy":2,"minecraft:beef":8,"minecraft:oak_boat":2,"thermal:niter":21,"minecraft:poppy":4,"sophisticatedstorage:barrel":1,"biomesoplenty:wildflower":3,"minecraft:chest":3,"minecraft:raw_iron":134,"minecraft:stone":61,"minecraft:bowl":4,"alexsmobs:straddlite":3,"sophisticatedbackpacks:backpack":3,"minecraft:fire_charge":1,"farmersdelight:tomato_seeds":26,"botania:pink_mushroom":2,"minecraft:carrot":42,"minecraft:redstone":85,"sophisticatedstorage:gold_barrel":1,"botania:overgrowth_seed":1,"minecraft:tnt":2,"thermal:peanut_seeds":22,"minecraft:arrow":126,"minecraft:diamond_chestplate":2,"minecraft:diamond_boots":3,"biomesoplenty:orange_sandstone":20,"minecraft:peony":7,"botania:apothecary_default":1,"minecraft:shears":3,"psychadelic:wet_cannabis_flower":5,"minecraft:hay_block":54,"minecraft:gold_ingot":30,"botania:green_mystical_flower":2,"minecraft:glow_berries":8,"minecraft:mutton":6,"biomesoplenty:orange_sand":65,"minecraft:white_wool":21,"minecraft:oxeye_daisy":2,"minerales_x:pene":2,"farmersdelight:rich_soil":2,"minecraft:basalt":132,"minecraft:glow_ink_sac":19,"mekanism:raw_lead":18,"biomesoplenty:goldenrod":6,"minecraft:leather":2,"alexsmobs:acacia_blossom":6,"minecraft:filled_map":5,"botania:light_gray_mushroom":4,"minecraft:mushroom_stew":7,"minecraft:oak_log":239,"minecraft:lily_pad":86,"minecraft:jungle_button":1,"botania:flower_bag":1,"minecraft:gunpowder":2,"botania:yellow_mushroom":6,"minecraft:cooked_mutton":4,"psychadelic:manganesedioxide":2,"minecraft:smooth_sandstone":1,"minecraft:apple":21,"minecraft:creeper_spawn_egg":1,"minecraft:iron_ingot":124,"minecraft:stone_pickaxe":18,"thermal:tomato_seeds":22,"minecraft:soul_sand":8,"minecraft:acacia_sapling":13,"botania:mana_spreader":1,"minecraft:book":67,"minecraft:pillager_spawn_egg":3,"botania:purple_double_flower":1,"thermal:blitz_rod":2,"minecraft:smooth_basalt":18,"minecraft:pumpkin":6,"thermal:strawberry_seeds":12,"psychadelic:peyoteslice":12,"minecraft:quartz":36,"minecraft:dandelion":82,"minecraft:gravel":191,"ars_nouveau:bastion_pod":1,"minecraft:amethyst_shard":45,"productivebees:acacia_wood_nest":2,"botania:lime_mushroom":1,"botania:white_petal":9,"thermal:green_bean_seeds":8,"psychadelic:coppercarbonate":1,"mekanism:raw_osmium":34,"minecraft:spider_eye":5,"thermal:rice_seeds":13,"biomesoplenty:mahogany_log":2,"minecraft:slime_ball":2,"minecraft:stone_axe":1,"botania:orange_mystical_flower":5,"minecraft:iron_helmet":3,"mekanism:fluorite_gem":27,"minecraft:cherry_sapling":23,"oreberriesreplanted:tin_oreberry_bush":6,"mekanismtools:osmium_pickaxe":2,"naturescompass:naturescompass":1,"minecraft:warped_roots":4,"minecraft:melon_seeds":2,"thermal:amaranth_seeds":13,"minecraft:warped_nylium":2,"psychadelic:chemistrybook":3,"minecraft:coal":205,"minecraft:ender_pearl":19},"minecraft:dropped":{"naturescompass:naturescompass":1,"minecraft:acacia_boat":1,"minecraft:oak_log":194,"botania:orange_mushroom":1,"minecraft:ender_pearl":1,"minecraft:diamond":6,"minecraft:warped_roots":3,"thermal:corn_seeds":2,"minecraft:leather":2,"botania:flower_bag":1,"botania:mana_pearl":1,"thermal:flax_seeds":8,"minecraft:flint":13,"minecraft:dirt":9,"minecraft:jungle_button":1,"minecraft:cornflower":2,"botania:light_gray_mushroom":2,"minecraft:bone_meal":48,"thermal:peanut_seeds":12,"minecraft:iron_pickaxe":1,"minecraft:white_wool":4,"botania:white_petal":17,"thermal:green_bean_seeds":5,"minecraft:gold_ingot":4,"minecraft:gravel":64,"thermal:spinach_seeds":12,"minecraft:stone_axe":1,"minecraft:blackstone":6,"mekanismtools:osmium_pickaxe":3,"alexsmobs:animal_dictionary":3,"minecraft:wheat":1,"minecraft:obsidian":38,"minecraft:cherry_sapling":2,"minecraft:rotten_flesh":24,"minerales_x:pene":2,"minecraft:oak_planks":15,"alexsmobs:emu_egg":2,"thermal:strawberry_seeds":4,"minecraft:azure_bluet":6,"thermal:eggplant_seeds":2,"minecraft:carrot":1,"minecraft:poppy":3,"oreberriesreplanted:tin_oreberry_bush":3,"minecraft:charcoal":41,"minecraft:chest":1,"thermal:raw_silver":6,"biomesoplenty:wildflower":1,"minecraft:leather_boots":1,"minecraft:leather_leggings":2,"thermal:rice_seeds":6,"minecraft:glass":43,"minecraft:beef":8,"botania:brown_petal":4,"minecraft:netherrack":8,"biomesoplenty:mahogany_log":2,"psychadelic:chemistrybook":3,"minecraft:bread":5,"thermal:onion_seeds":8,"minecraft:iron_ingot":71,"minecraft:water_bucket":2,"minecraft:wheat_seeds":275,"botania:yellow_mystical_flower":3,"minecraft:cherry_log":29,"minecraft:mossy_cobblestone":1,"minecraft:golden_horse_armor":1,"botania:red_petal":2,"minecraft:cobblestone":164,"botania:orange_mystical_flower":2,"minecraft:iron_helmet":1,"minecraft:acacia_log":15,"minecraft:grass_block":1,"minecraft:coal":68,"thermal:barley_seeds":7,"minecraft:stick":32,"minecraft:oxeye_daisy":2,"ars_nouveau:worn_notebook":3,"oreberriesreplanted:copper_oreberry_bush":1,"minecraft:ink_sac":2,"minecraft:torch":19,"minecraft:melon_slice":46,"minecraft:oak_stairs":2,"thermal:radish_seeds":10,"minecraft:string":11,"minecraft:pink_petals":3,"minecraft:bucket":2,"minecraft:acacia_planks":10,"minecraft:dandelion":82,"minecraft:redstone":16,"minecraft:moss_carpet":1,"minecraft:stone_sword":1,"thermal:amaranth_seeds":6,"minecraft:bowl":3,"botania:light_gray_petal":1,"minecraft:tuff":7,"psychadelic:peyoteslice":10,"minecraft:stone_shovel":1,"minecraft:iron_boots":2,"sophisticatedbackpacks:backpack":1,"thermal:sadiroot_seeds":16,"thermal:tomato_seeds":5,"minecraft:filled_map":5,"minecraft:potato":1,"minecraft:shield":1,"botania:livingwood_log":20,"minecraft:peony":3,"minecraft:diamond_pickaxe":1,"minecraft:iron_chestplate":4,"minecraft:andesite":110,"minecraft:oak_sapling":6,"easy_villagers:villager":1,"minecraft:diamond_boots":1,"thermal:bell_pepper_seeds":3,"minecraft:stone_pickaxe":12,"minecraft:wooden_pickaxe":2,"waystones:waystone":2,"minecraft:calcite":385},"minecraft:custom":{"minecraft:animals_bred":2,"minecraft:interact_with_crafting_table":89,"minecraft:open_barrel":241,"minecraft:leave_game":69,"minecraft:time_since_death":2861,"minecraft:sprint_one_cm":1463047,"minecraft:damage_blocked_by_shield":1046,"minecraft:drop":385,"minecraft:talked_to_villager":6,"minecraft:play_time":996423,"minecraft:deaths":22,"minecraft:jump":14405,"minecraft:walk_on_water_one_cm":65923,"minecraft:interact_with_furnace":92,"minecraft:interact_with_loom":1,"minecraft:sleep_in_bed":23,"minecraft:waystone_activated":8,"minecraft:damage_dealt":33451,"minecraft:player_kills":2,"minecraft:crouch_one_cm":125175,"minecraft:horse_one_cm":901,"minecraft:interact_with_anvil":3,"minecraft:mob_kills":135,"minecraft:damage_dealt_resisted":72,"minecraft:climb_one_cm":7468,"minecraft:walk_one_cm":1618391,"minecraft:sneak_time":45067,"minecraft:walk_under_water_one_cm":24427,"minecraft:boat_one_cm":1032782,"minecraft:interact_with_blast_furnace":4,"minecraft:total_world_time":996423,"minecraft:time_since_rest":3294,"minecraft:damage_taken":17210,"minecraft:swim_one_cm":123744,"minecraft:fly_one_cm":2620452,"minecraft:open_chest":243,"minecraft:fall_one_cm":425968},"minecraft:mined":{"thermal:cinnabar_ore":2,"botania:red_mystical_flower":5,"thermal:sulfur_ore":4,"minecraft:cherry_log":69,"minecraft:sculk_vein":6,"thermal:tin_ore":10,"minecraft:obsidian":65,"botania:light_blue_mushroom":2,"botania:livingwood_log":24,"minecraft:acacia_log":19,"minecraft:grass_block":962,"minecraft:mangrove_door":1,"biomesoplenty:orange_sandstone":20,"minecraft:oxeye_daisy":4,"botania:light_gray_mystical_flower":1,"minecraft:spawner":1,"biomesoplenty:blackstone_bulb":2,"botania:cyan_mushroom":3,"botania:apothecary_default":1,"botania:purple_mystical_flower":8,"minecraft:glowstone":61,"botania:light_gray_mushroom":1,"productivebees:acacia_wood_nest":1,"minecraft:iron_ore":125,"minecraft:cobbled_deepslate":1,"minecraft:fire":7,"botania:lime_double_flower":2,"minecraft:deepslate_lapis_ore":3,"minecraft:azure_bluet":6,"minecraft:iron_block":5,"botania:light_blue_mystical_flower":9,"minecraft:green_bed":1,"minecraft:orange_bed":4,"botania:green_mystical_flower":4,"botania:orange_mystical_flower":5,"minecraft:blackstone":39,"psychadelic:coppercarbonateore":1,"biomesoplenty:blackstone_spines":1,"minecraft:torch":29,"botania:green_double_flower":1,"minecraft:calcite":1,"minecraft:poppy":4,"minecraft:chest":3,"minecraft:melon":20,"minecraft:dead_bush":1,"mekanism:tin_ore":51,"botania:endoflame":1,"minecraft:glass":1,"minecraft:nether_quartz_ore":36,"minecraft:cobblestone":72,"botania:blue_mystical_flower":6,"minecraft:cyan_bed":2,"minecraft:oak_planks":5,"botania:light_gray_double_flower":1,"minecraft:wall_torch":20,"botania:black_mystical_flower":8,"biomesoplenty:goldenrod":6,"minecraft:pink_petals":48,"botania:blue_mushroom":1,"psychadelic:weedplant":1,"minecraft:black_bed":1,"minecraft:grass":2087,"thermal:niter_ore":3,"botania:gray_mushroom":1,"minecraft:oak_log":128,"mekanism:lead_ore":18,"minecraft:dirt":574,"minecraft:netherrack":345,"minecraft:oak_leaves":73,"minecraft:deepslate":16,"minecraft:nether_gold_ore":21,"minecraft:tuff":7,"botania:orange_double_flower":2,"minecraft:deepslate_diamond_ore":3,"biomesoplenty:desert_grass":3,"minecraft:stripped_cherry_log":1,"psychadelic:copper_oxide_ore":9,"minecraft:dark_oak_fence":1,"biomesoplenty:bush":146,"minecraft:allium":5,"psychadelic:copper_i_ichloride":3,"botania:orange_mushroom":2,"psychadelic:oil":3,"biomesoplenty:dune_grass":4,"minecraft:large_fern":6,"minecraft:hay_block":19,"botania:magenta_mystical_flower":6,"minecraft:furnace":2,"psychadelic:manganesedioxideore":2,"botania:white_mushroom":1,"minecraft:andesite":950,"minecraft:peony":5,"oreberriesreplanted:copper_oreberry_bush":1,"minecraft:deepslate_iron_ore":9,"botania:livingrock":14,"botania:pure_daisy":1,"botania:yellow_mushroom":2,"botania:mana_spreader":1,"biomesoplenty:barley":36,"minecraft:white_tulip":2,"botania:light_blue_double_flower":1,"minecraft:stone":3001,"sophisticatedbackpacks:backpack":1,"botania:lime_mystical_flower":12,"minecraft:acacia_leaves":8,"minecraft:scaffolding":1,"botania:white_buried_petals":1,"biomesoplenty:orange_sand":65,"botania:lime_mushroom":1,"minecraft:basalt":131,"minecraft:dandelion":41,"psychadelic:san_pedro_plant":1,"thermal:apatite_ore":11,"minecraft:crafting_table":8,"minecraft:cornflower":4,"minecraft:rose_bush":1,"botania:pink_mushroom":1,"minecraft:copper_ore":13,"minecraft:tall_grass":393,"biomesoplenty:sprout":1,"minecraft:deepslate_gold_ore":7,"minecraft:lapis_ore":10,"minecraft:sculk":7,"botania:pink_mystical_flower":12,"sophisticatedstorage:barrel":1,"psychadelic:sodium_chlorideore":87,"botania:yellow_mystical_flower":3,"botania:white_mystical_flower":8,"minecraft:coal_ore":177,"minecraft:cherry_leaves":5,"minecraft:gravel":154,"mekanism:deepslate_uranium_ore":8,"minecraft:small_dripleaf":1,"minecraft:fern":29},"minecraft:crafted":{"minecraft:oak_planks":104,"botania:mana_pool":1,"minecraft:stone":113,"minecraft:cooked_mutton":0,"botania:red_petal":2,"minecraft:glass":43,"botania:twig_wand":1,"minecraft:iron_boots":2,"productivebees:acacia_wood_nest":1,"minecraft:chest":4,"minecraft:copper_block":1,"botania:light_gray_petal":2,"minecraft:oak_fence":3,"minecraft:golden_boots":1,"botania:cyan_petal":2,"minecraft:crafting_table":4,"minecraft:baked_potato":0,"minecraft:wooden_pickaxe":1,"minecraft:iron_helmet":2,"minecraft:copper_ingot":31,"botania:livingwood_twig":3,"waterframes:remote":1,"foodexpansion:cooked_squid":4,"botania:runic_altar":1,"minecraft:iron_chestplate":1,"minecraft:charcoal":67,"naturescompass:naturescompass":1,"minecraft:stick":105,"minecraft:iron_pickaxe":4,"minecraft:iron_ingot":14,"minecraft:compass":1,"minecraft:stone_sword":2,"minecraft:gold_ingot":8,"botania:apothecary_default":2,"minecraft:shears":1,"botania:brown_petal":4,"minecraft:wooden_sword":1,"minecraft:stone_shovel":2,"minecraft:tinted_glass":2,"minecraft:furnace":5,"minecraft:stone_button":3,"minecraft:bone_meal":129,"minecraft:flint_and_steel":1,"botania:white_petal":8,"botania:manasteel_chestplate":1,"botania:flower_bag":1,"minecraft:stone_pickaxe":37,"waterframes:frame":1,"minecraft:wheat":171,"botania:yellow_petal":2,"botania:mana_spreader":1,"minecraft:iron_sword":2,"botania:lexicon":1,"minecraft:bucket":2,"minecraft:glowstone":1,"minecraft:air":0,"minecraft:bread":70,"minecraft:oak_fence_gate":1,"minecraft:oak_boat":2,"minecraft:iron_leggings":1,"minecraft:acacia_planks":56,"minecraft:torch":92,"minerales_x:pene":1},"minecraft:killed_by":{"alexsmobs:straddler":1,"minecraft:zombie":1,"minecraft:husk":2,"minecraft:player":1,"alexsmobs:rocky_roller":1,"thermal:basalz":2,"thermal:blitz":2,"minecraft:skeleton":5},"minecraft:broken":{"minecraft:iron_boots":1,"minecraft:iron_chestplate":1,"minecraft:iron_leggings":1,"minecraft:stone_pickaxe":37,"minecraft:wooden_sword":1,"minecraft:stone_shovel":2,"minecraft:stone_sword":4,"minecraft:wooden_pickaxe":1,"minecraft:iron_pickaxe":3,"minecraft:iron_helmet":1},"minecraft:used":{"alexsmobs:emu_egg":1,"minecraft:cherry_sapling":8,"botania:white_petal":1,"minecraft:chest":9,"minecraft:shield":39,"minecraft:stone":78,"minecraft:iron_sword":209,"minecraft:rotten_flesh":5,"minecraft:mutton":5,"minecraft:carrot":63,"minecraft:acacia_sapling":7,"minecraft:obsidian":15,"foodexpansion:cooked_squid":4,"waterframes:frame":1,"minecraft:warped_nylium":1,"minecraft:oak_sapling":84,"minecraft:furnace":6,"minecraft:potato":23,"botania:runic_altar":1,"minecraft:stone_pickaxe":5164,"minecraft:oak_planks":3,"minecraft:blackstone":7,"minecraft:wooden_pickaxe":69,"minecraft:sand":3,"minecraft:mushroom_stew":4,"minecraft:cave_spider_spawn_egg":1,"minecraft:black_bed":2,"minecraft:creeper_spawn_egg":1,"waystones:waystone":1,"sophisticatedbackpacks:backpack":1,"minecraft:bread":162,"minecraft:cyan_bed":2,"minecraft:melon_slice":144,"minecraft:string":2,"minecraft:gravel":12,"minecraft:wooden_sword":74,"botania:pure_daisy":2,"minecraft:andesite":39,"botania:light_gray_mystical_flower":1,"minecraft:oak_boat":2,"minecraft:bone_meal":81,"minecraft:oak_fence":2,"minecraft:stone_sword":1331,"minecraft:acacia_log":3,"minecraft:flint_and_steel":1,"minecraft:stone_shovel":572,"minecraft:stone_hoe":13,"minecraft:netherrack":175,"minecraft:orange_bed":6,"minecraft:torch":209,"minecraft:dirt":1312,"ars_nouveau:bastion_pod":1,"botania:twig_wand":10,"minecraft:oak_fence_gate":1,"minecraft:smooth_sandstone":1,"psychadelic:peyoteslice":2,"biomesoplenty:orange_sand":3,"foodexpansion:squid":2,"minecraft:basalt":75,"biomesoplenty:orange_sandstone":18,"botania:mana_pool":1,"minecraft:cooked_beef":6,"minecraft:cobbled_deepslate":49,"minecraft:cherry_log":1,"minecraft:cooked_mutton":10,"minecraft:acacia_boat":2,"minecraft:water_bucket":16,"botania:endoflame":3,"minecraft:baked_potato":30,"botania:mana_spreader":1,"minecraft:green_bed":1,"minecraft:sheep_spawn_egg":4,"minecraft:warped_roots":1,"minecraft:crafting_table":12,"minerales_x:pene":1,"botania:apothecary_default":2,"minecraft:oak_log":22,"sophisticatedstorage:gold_barrel":1,"minecraft:apple":10,"minecraft:diamond_pickaxe":89,"minecraft:iron_pickaxe":690,"minecraft:pink_petals":31,"minecraft:stone_axe":62,"minecraft:cobblestone":189,"minecraft:cooked_porkchop":6,"minecraft:bucket":17}},"DataVersion":3465}