{"stats":{"minecraft:killed":{"minecraft:spider":3,"minecraft:skeleton":11,"minecraft:husk":5,"minecraft:zombie":9},"minecraft:crafted":{"minecraft:wooden_sword":1,"minecraft:oak_planks":24,"minecraft:furnace":1,"minecraft:iron_boots":1,"productivebees:acacia_wood_nest":1,"minecraft:crafting_table":2,"minecraft:wooden_pickaxe":1,"minecraft:iron_helmet":1,"minecraft:air":0,"minecraft:iron_chestplate":1,"minecraft:charcoal":12,"minecraft:iron_leggings":1,"minecraft:acacia_planks":12,"minecraft:shears":1},"minecraft:mined":{"minecraft:tuff":7,"thermal:cinnabar_ore":2,"thermal:sulfur_ore":4,"biomesoplenty:desert_grass":1,"thermal:tin_ore":6,"psychadelic:copper_oxide_ore":9,"minecraft:acacia_log":19,"minecraft:mangrove_door":1,"minecraft:grass_block":7,"botania:orange_mushroom":1,"psychadelic:oil":2,"minecraft:spawner":1,"minecraft:furnace":2,"productivebees:acacia_wood_nest":1,"psychadelic:manganesedioxideore":2,"minecraft:iron_ore":62,"oreberriesreplanted:copper_oreberry_bush":1,"minecraft:deepslate_iron_ore":9,"minecraft:stone":214,"minecraft:acacia_leaves":8,"minecraft:crafting_table":2,"thermal:apatite_ore":11,"minecraft:torch":4,"minecraft:calcite":1,"minecraft:melon":2,"mekanism:tin_ore":16,"minecraft:tall_grass":9,"minecraft:copper_ore":3,"minecraft:cobblestone":18,"minecraft:lapis_ore":6,"minecraft:wall_torch":8,"botania:blue_mushroom":1,"psychadelic:sodium_chlorideore":50,"minecraft:black_bed":1,"minecraft:grass":111,"thermal:niter_ore":1,"minecraft:coal_ore":40,"minecraft:oak_log":6,"mekanism:lead_ore":1,"minecraft:dirt":14,"minecraft:gravel":9,"minecraft:oak_leaves":3,"minecraft:deepslate":15},"minecraft:dropped":{"psychadelic:chemistrybook":1,"minecraft:bread":1,"minecraft:wheat_seeds":5,"minecraft:cobblestone":145,"ars_nouveau:worn_notebook":1,"oreberriesreplanted:copper_oreberry_bush":1,"minecraft:torch":2,"minecraft:melon_slice":6,"thermal:peanut_seeds":2,"minecraft:bucket":1,"minecraft:acacia_planks":10,"minecraft:redstone":16,"thermal:spinach_seeds":2,"alexsmobs:animal_dictionary":1,"minecraft:bowl":2,"minecraft:tuff":7,"minecraft:rotten_flesh":10,"alexsmobs:emu_egg":2,"minecraft:carrot":1,"minecraft:potato":1,"oreberriesreplanted:tin_oreberry_bush":3,"minecraft:iron_chestplate":2,"thermal:raw_silver":6,"minecraft:leather_boots":1,"thermal:rice_seeds":3,"minecraft:beef":6,"minecraft:wooden_pickaxe":2,"minecraft:calcite":1},"minecraft:used":{"minecraft:stone_sword":96,"minecraft:acacia_log":3,"minecraft:rotten_flesh":1,"minecraft:orange_bed":2,"minecraft:torch":40,"minecraft:dirt":10,"minecraft:mutton":5,"ars_nouveau:bastion_pod":1,"minecraft:acacia_sapling":7,"minecraft:furnace":2,"minecraft:stone_pickaxe":438,"minecraft:wooden_pickaxe":69,"minecraft:crafting_table":3,"minecraft:mushroom_stew":2,"minecraft:black_bed":2,"minecraft:creeper_spawn_egg":1,"minecraft:apple":2,"minecraft:melon_slice":7,"minecraft:bread":28,"minecraft:wooden_sword":74,"minecraft:cobblestone":75},"minecraft:custom":{"minecraft:mob_kills":28,"minecraft:interact_with_crafting_table":9,"minecraft:open_barrel":6,"minecraft:leave_game":3,"minecraft:time_since_death":4220,"minecraft:climb_one_cm":2159,"minecraft:sprint_one_cm":166081,"minecraft:walk_one_cm":291889,"minecraft:drop":49,"minecraft:talked_to_villager":2,"minecraft:play_time":130753,"minecraft:deaths":9,"minecraft:sneak_time":7045,"minecraft:walk_under_water_one_cm":3478,"minecraft:jump":1692,"minecraft:interact_with_blast_furnace":4,"minecraft:walk_on_water_one_cm":7272,"minecraft:total_world_time":130753,"minecraft:interact_with_furnace":12,"minecraft:sleep_in_bed":5,"minecraft:time_since_rest":4246,"minecraft:damage_taken":3986,"minecraft:damage_dealt":6381,"minecraft:swim_one_cm":10028,"minecraft:fly_one_cm":179538,"minecraft:player_kills":1,"minecraft:open_chest":32,"minecraft:crouch_one_cm":13853,"minecraft:fall_one_cm":42741},"minecraft:picked_up":{"minecraft:iron_chestplate":5,"minecraft:crafting_table":6,"thermal:raw_silver":6,"botania:blue_mushroom":1,"thermal:cinnabar":3,"minecraft:wooden_pickaxe":6,"minecraft:shield":4,"minecraft:string":24,"minecraft:raw_copper":11,"minecraft:wooden_sword":2,"minecraft:iron_leggings":2,"thermal:sulfur":18,"minecraft:cobbled_deepslate":173,"minecraft:bucket":4,"minecraft:beef":6,"minecraft:calcite":1,"thermal:niter":5,"minecraft:iron_pickaxe":4,"minecraft:melon_slice":13,"thermal:spinach_seeds":3,"minecraft:iron_boots":3,"minecraft:furnace":1,"minecraft:raw_iron":71,"minecraft:stick":4,"thermal:raw_lead":7,"minecraft:bowl":4,"minecraft:acacia_log":21,"thermal:sadiroot_seeds":1,"minecraft:torch":44,"minecraft:carrot":1,"minecraft:redstone":16,"mekanism:raw_tin":16,"thermal:apatite":69,"minecraft:orange_bed":2,"thermal:peanut_seeds":4,"botania:orange_double_flower":4,"minecraft:stone_sword":5,"minecraft:arrow":50,"minecraft:rotten_flesh":26,"thermal:corn_seeds":2,"ars_nouveau:worn_notebook":1,"minecraft:shears":3,"alexsmobs:emu_egg":6,"minecraft:gold_ingot":8,"minecraft:mangrove_door":4,"minecraft:mutton":6,"psychadelic:copper_oxide":9,"minecraft:white_wool":12,"minecraft:cobblestone":426,"minecraft:glow_ink_sac":3,"mekanism:raw_lead":1,"minecraft:black_bed":1,"alexsmobs:acacia_blossom":1,"minecraft:potato":4,"botania:light_gray_mushroom":3,"minecraft:mushroom_stew":7,"minecraft:flint":4,"minecraft:tuff":35,"minecraft:oak_log":6,"minecraft:lapis_lazuli":46,"minecraft:dirt":101,"botania:yellow_mushroom":3,"minecraft:cooked_mutton":4,"minecraft:leather_boots":1,"psychadelic:manganesedioxide":2,"minecraft:bone":59,"psychadelic:sodium_chloride":49,"minecraft:acacia_planks":15,"minecraft:apple":10,"minecraft:wheat_seeds":13,"minecraft:creeper_spawn_egg":1,"minecraft:stone_pickaxe":8,"minecraft:iron_ingot":53,"minecraft:acacia_sapling":13,"minecraft:oak_planks":18,"thermal:raw_tin":8,"thermal:blitz_rod":1,"minecraft:smooth_basalt":15,"thermal:strawberry_seeds":1,"minecraft:gravel":60,"oreberriesreplanted:copper_oreberry_bush":1,"ars_nouveau:bastion_pod":1,"minecraft:amethyst_shard":27,"productivebees:acacia_wood_nest":2,"minecraft:spider_eye":4,"alexsmobs:animal_dictionary":1,"thermal:rice_seeds":6,"minecraft:stone_axe":1,"minecraft:iron_helmet":2,"botania:orange_mystical_flower":4,"botania:orange_mushroom":2,"oreberriesreplanted:tin_oreberry_bush":3,"oreberriesreplanted:tin_oreberry":5,"minecraft:bread":29,"psychadelic:chemistrybook":1,"minecraft:coal":51},"minecraft:broken":{"minecraft:wooden_pickaxe":1,"minecraft:stone_pickaxe":3,"minecraft:wooden_sword":1},"minecraft:killed_by":{"thermal:blitz":2,"minecraft:skeleton":4,"minecraft:zombie":1}},"DataVersion":3465}